,Name,Position,Team,Salary
0,Russell Westbrook,PG,Oklahoma City Thunder,35654150
1,LeBron James,SF,Los Angeles Lakers,35654150
2,Gordon Hayward,SF,Boston Celtics,31214295
3,Paul George,SG,Oklahoma City Thunder,30560700
4,James Harden,SG,Houston Rockets,30421854
5,Paul Millsap,PF,Denver Nuggets,29230769
6,Damian Lillard,PG,Portland Trail Blazers,27977689
7,Otto Porter Jr.,SF,Chicago Bulls,26011913
8,CJ McCollum,SG,Portland Trail Blazers,25759766
9,Andrew Wiggins,SF,Minnesota Timberwolves,25467250
10,Andre Drummond, C,Detroit Pistons,25434263
11,Hassan Whiteside, C,Miami Heat,25434262
12,Giannis Antetokounmpo,PF,Milwaukee Bucks,24157303
13,Marc Gasol, C,Toronto Raptors,24119025
14,Harrison Barnes,SF,Sacramento Kings,24107258
15,Nicolas Batum,PF,Charlotte Hornets,24000000
16,Kawhi Leonard,SF,Toronto Raptors,23114067
17,LaMarcus Aldridge, C,San Antonio Spurs,22347015
18,Aaron Gordon,PF,Orlando Magic,21590909
19,Victor Oladipo,SG,Indiana Pacers,21000000
20,Stephen Curry,PG,Golden State Warriors,37457154
21,Chris Paul,PG,Houston Rockets,35654150
22,Blake Griffin,PF,Detroit Pistons,32088932
23,Kyle Lowry,PG,Toronto Raptors,31200000
24,Mike Conley,PG,Memphis Grizzlies,30521115
25,Kevin Durant,PF,Golden State Warriors,30000000
26,Al Horford, C,Boston Celtics,28928709
27,DeMar DeRozan,SF,San Antonio Spurs,27739975
28,Jrue Holiday,PG,New Orleans Pelicans,25976111
29,Joel Embiid, C,Philadelphia 76ers,25467250
30,Bradley Beal,SG,Washington Wizards,25434263
31,Anthony Davis,PF,New Orleans Pelicans,25434263
32,Nikola Jokic, C,Denver Nuggets,24605181
33,Steven Adams, C,Oklahoma City Thunder,24157303
34,Kevin Love,PF,Cleveland Cavaliers,24119025
35,Chandler Parsons,SF,Memphis Grizzlies,24107258
36,Rudy Gobert, C,Utah Jazz,23241573
37,DeAndre Jordan, C,New York Knicks,22897200
38,Serge Ibaka, C,Toronto Raptors,21666667
39,Danilo Gallinari,PF,LA Clippers,21587579
40,Ryan Anderson,PF,Miami Heat,20421546
41,Jabari Parker,PF,Washington Wizards,20000000
42,Tyler Johnson,SG,Phoenix Suns,19356932
43,John Wall,PG,Washington Wizards,19169800
44,Jeff Teague,PG,Minnesota Timberwolves,19000000
45,Allen Crabbe, G,Brooklyn Nets,18500000
46,Kent Bazemore,SF,Atlanta Hawks,18089887
47,Draymond Green,PF,Golden State Warriors,17469565
48,Evan Fournier,SG,Orlando Magic,17150000
49,Bismack Biyombo, C,Charlotte Hornets,17000000
50,Jonas Valanciunas, C,Memphis Grizzlies,16539326
51,Timofey Mozgov, C,Orlando Magic,16000000
52,Ian Mahinmi, C,Washington Wizards,15944154
53,DeMarre Carroll, F,Brooklyn Nets,15400000
54,Trevor Ariza,SF,Washington Wizards,15000000
55,Ricky Rubio,PG,Utah Jazz,14975000
56,JR Smith, G,Cleveland Cavaliers,14720000
57,James Johnson,PF,Miami Heat,14651700
58,Robin Lopez, C,Chicago Bulls,14357750
59,Taj Gibson, C,Minnesota Timberwolves,14000000
60,Jimmy Butler,SF,Philadelphia 76ers,20445779
61,Kyrie Irving,PG,Boston Celtics,20099189
62,Zach LaVine,SG,Chicago Bulls,19500000
63,Tim Hardaway Jr.,SF,Dallas Mavericks,19200127
64,George Hill, G,Milwaukee Bucks,19000000
65,Klay Thompson,SG,Golden State Warriors,18988725
66,Goran Dragic,PG,Miami Heat,18109175
67,Evan Turner, G,Portland Trail Blazers,17868853
68,Tristan Thompson, C,Cleveland Cavaliers,17469565
69,Reggie Jackson,PG,Detroit Pistons,17043478
70,Derrick Favors, C,Utah Jazz,16900000
71,Gary Harris,SG,Denver Nuggets,16517857
72,Andre Iguodala,SF,Golden State Warriors,16000000
73,Dennis Schroder,PG,Oklahoma City Thunder,15500000
74,Gorgui Dieng, C,Minnesota Timberwolves,15170787
75,Eric Bledsoe,SG,Milwaukee Bucks,15000000
76,Tobias Harris,PF,Philadelphia 76ers,14800000
77,Luke Babbitt, F,Miami Heat,14651700
78,Brandon Knight, G,Cleveland Cavaliers,14631250
79,Marvin Williams, F,Charlotte Hornets,14087500
80,Clint Capela, C,Houston Rockets,13793104
81,Cody Zeller, C,Charlotte Hornets,13528090
82,Joe Ingles,SG,Utah Jazz,13045455
83,Khris Middleton,SF,Milwaukee Bucks,13000000
84,Wilson Chandler, F,LA Clippers,12800562
85,Kelly Olynyk,PF,Miami Heat,12537527
86,Jordan Clarkson,PG,Cleveland Cavaliers,12500000
87,Tyreke Evans, G,Indiana Pacers,12400000
88,Solomon Hill,SF,New Orleans Pelicans,12252928
89,Kemba Walker,PG,Charlotte Hornets,12000000
90,Avery Bradley,PG,Memphis Grizzlies,12000000
91,T.J. Warren,SF,Phoenix Suns,11750000
92,Marcus Smart,PG,Boston Celtics,11660716
93,Dion Waiters, G,Miami Heat,11550000
94,John Henson, F,Milwaukee Bucks,11327466
95,Jusuf Nurkic, C,Portland Trail Blazers,11111111
96,Maurice Harkless,SF,Portland Trail Blazers,10837079
97,Meyers Leonard, C,Portland Trail Blazers,10595506
98,Terrence Ross,SG,Orlando Magic,10500000
99,Rudy Gay,SF,San Antonio Spurs,10087200
100,Thaddeus Young,PF,Indiana Pacers,13964045
101,Marcin Gortat, C,LA Clippers,13565218
102,Eric Gordon,SG,Houston Rockets,13500375
103,Michael Kidd-Gilchrist, F,Charlotte Hornets,13000000
104,Mason Plumlee, C,Denver Nuggets,12917808
105,Nikola Vucevic, C,Orlando Magic,12750000
106,Miles Plumlee, C,Atlanta Hawks,12500000
107,Nikola Mirotic, F,Milwaukee Bucks,12500000
108,Courtney Lee, G,Dallas Mavericks,12253780
109,JJ Redick,SG,Philadelphia 76ers,12250000
110,Kentavious Caldwell-Pope,SG,Los Angeles Lakers,12000000
111,Will Barton,SF,Denver Nuggets,11830358
112,Zach Randolph, F,Dallas Mavericks,11692308
113,Patty Mills,PG,San Antonio Spurs,11571429
114,Alec Burks,SG,Sacramento Kings,11536515
115,Omer Asik, C,Chicago Bulls,11286516
116,Iman Shumpert, G,Houston Rockets,11011234
117,Tony Snell,SF,Milwaukee Bucks,10807143
118,Bojan Bogdanovic,SF,Indiana Pacers,10500000
119,Robert Covington,PF,Minnesota Timberwolves,10464092
120,Danny Green,SF,Toronto Raptors,10000000
121,Darren Collison, G,Indiana Pacers,10000000
122,Matthew Dellavedova,PG,Cleveland Cavaliers,9607500
123,Jared Dudley,SF,Brooklyn Nets,9530000
124,Josh Richardson,SG,Miami Heat,9367200
125,Bogdan Bogdanovic,SG,Sacramento Kings,9000000
126,Cristiano Felicio,PF,Chicago Bulls,8740980
127,Fred VanVleet,SG,Toronto Raptors,8653847
128,Kyle Anderson,SF,Memphis Grizzlies,8641000
129,Jerryd Bayless, G,Minnesota Timberwolves,8575916
130,C.J. Miles,SG,Memphis Grizzlies,8333333
131,Shaun Livingston, G,Golden State Warriors,8307692
132,Garrett Temple,SF,LA Clippers,8000000
133,P.J. Tucker,PF,Houston Rockets,7969537
134,Karl-Anthony Towns, C,Minnesota Timberwolves,7839435
135,Kyle Korver, G,Utah Jazz,7560000
136,Darrell Arthur, F,Phoenix Suns,7464912
137,Doug McDermott,SF,Indiana Pacers,7333333
138,Marvin Bagley III,PF,Sacramento Kings,7305600
139,Dewayne Dedmon, C,Atlanta Hawks,7200000
140,Jon Leuer, F,Detroit Pistons,10002681
141,Andre Roberson, F,Brooklyn Nets,10000000
142,Dwight Powell, C,Dallas Mavericks,9631250
143,Dante Exum,PG,Utah Jazz,9600000
144,Norman Powell,SF,Toronto Raptors,9367200
145,Rajon Rondo,PG,Los Angeles Lakers,9000000
146,E'Twaun Moore,SG,New Orleans Pelicans,8808685
147,Kosta Koufos, C,Sacramento Kings,8739500
148,Jerami Grant,SF,Oklahoma City Thunder,8653847
149,Julius Randle,PF,New Orleans Pelicans,8641000
150,Markelle Fultz,PG,Philadelphia 76ers,8339880
151,Joe Harris,SF,Brooklyn Nets,8333333
152,Deandre Ayton, C,Phoenix Suns,8165160
153,Lou Williams,SG,LA Clippers,8000000
154,Cory Joseph,PG,Indiana Pacers,7945000
155,JaMychal Green,PF,LA Clippers,7666667
156,Jeremy Lamb,SG,Charlotte Hornets,7488372
157,Lonzo Ball,PG,Los Angeles Lakers,7461960
158,Jae Crowder,PF,Utah Jazz,7305825
159,D.J. Augustin,PG,Orlando Magic,7250000
160,D'Angelo Russell,PG,Brooklyn Nets,7019698
161,Ersan Ilyasova,PF,Milwaukee Bucks,7000000
162,Boban Marjanovic, C,Philadelphia 76ers,7000000
163,Jayson Tatum,SF,Boston Celtics,6700800
164,Mario Hezonja, F,New York Knicks,6500000
165,Ben Simmons,PG,Philadelphia 76ers,6434520
166,Marco Belinelli, G,San Antonio Spurs,6153846
167,Josh Jackson,SG,Phoenix Suns,6041520
168,Ish Smith,PG,Detroit Pistons,6000000
169,Jaren Jackson Jr.,PF,Memphis Grizzlies,5915040
170,Kristaps Porzingis, C,Dallas Mavericks,5697054
171,Ben McLemore, G,Sacramento Kings,5460000
172,Patrick Patterson,PF,Oklahoma City Thunder,5451600
173,Marcus Morris Sr.,SF,Boston Celtics,5375000
174,Dwight Howard, C,Washington Wizards,5337000
175,Alexis Ajinca, C,LA Clippers,5285394
176,Aron Baynes, C,Boston Celtics,5193600
177,Patrick Beverley,PG,LA Clippers,5027028
178,Mike Muscala, C,Los Angeles Lakers,5000000
179,Dirk Nowitzki, F,Dallas Mavericks,5000000
180,Lance Thomas, F,New York Knicks,7119650
181,Davis Bertans,SF,San Antonio Spurs,7000000
182,Langston Galloway,SG,Detroit Pistons,7000000
183,Al-Farouq Aminu,PF,Portland Trail Blazers,6957105
184,Luka Doncic,PG,Dallas Mavericks,6560640
185,Nemanja Bjelica, F,Sacramento Kings,6500000
186,Milos Teodosic, G,LA Clippers,6300000
187,Wesley Johnson, F,Washington Wizards,6134520
188,Jonathon Simmons, G,Philadelphia 76ers,6000000
189,Montrezl Harrell, C,LA Clippers,6000000
190,Brandon Ingram,SF,Los Angeles Lakers,5757120
191,De'Aaron Fox,PG,Sacramento Kings,5470920
192,Alex Abrines, G,Oklahoma City Thunder,5455236
193,Jason Smith, F,New Orleans Pelicans,5450000
194,Trae Young,PG,Atlanta Hawks,5356440
195,DeMarcus Cousins, C,Golden State Warriors,5337000
196,Thabo Sefolosha, F,Utah Jazz,5250000
197,Jaylen Brown,SG,Boston Celtics,5169960
198,Tony Parker, G,Charlotte Hornets,5000000
199,Alan Williams, C,Brooklyn Nets,5000000
200,Jonathan Isaac,PF,Orlando Magic,4969080
201,Anthony Tolliver, F,Minnesota Timberwolves,4750000
202,Dragan Bender, F,Phoenix Suns,4661280
203,Kyle O'Quinn, C,Indiana Pacers,4449000
204,Lance Stephenson, G,Los Angeles Lakers,4449000
205,Justin Holiday,SF,Memphis Grizzlies,4384616
206,Mike Scott,PF,Philadelphia 76ers,4320500
207,Emmanuel Mudiay, G,New York Knicks,4294480
208,Frank Ntilikina,PG,New York Knicks,4155720
209,Collin Sexton,PG,Cleveland Cavaliers,4068600
210,Buddy Hield,SG,Sacramento Kings,3844760
211,Kevin Knox II,SF,New York Knicks,3739920
212,Nene Hilario, C,Houston Rockets,3651480
213,Frank Kaminsky,PF,Charlotte Hornets,3627842
214,Michael Beasley, F,Los Angeles Lakers,3500000
215,Rodney Hood,SG,Portland Trail Blazers,3472887
216,Justise Winslow,PF,Miami Heat,3448926
217,Myles Turner, C,Indiana Pacers,3410284
218,Brook Lopez, C,Milwaukee Bucks,3382000
219,Trey Lyles,PF,Denver Nuggets,3364249
220,Kyle Singler, F,Oklahoma City Thunder,4996000
221,Mo Bamba, C,Orlando Magic,4865040
222,Willie Cauley-Stein, C,Sacramento Kings,4696875
223,Lauri Markkanen,PF,Chicago Bulls,4536120
224,Ed Davis, C,Brooklyn Nets,4449000
225,Wendell Carter Jr., C,Chicago Bulls,4441200
226,Alex Len, C,Atlanta Hawks,4350000
227,Luc Mbah a Moute, F,LA Clippers,4320500
228,Kris Dunn,PG,Chicago Bulls,4221000
229,Glenn Robinson III, F,Detroit Pistons,4075000
230,Stanley Johnson,SF,New Orleans Pelicans,3940402
231,Dennis Smith Jr.,PG,New York Knicks,3819960
232,J.J. Barea, G,Dallas Mavericks,3710850
233,Zach Collins,PF,Portland Trail Blazers,3628920
234,Mikal Bridges,SF,Phoenix Suns,3552960
235,Jamal Murray,PG,Denver Nuggets,3499800
236,Jodie Meeks, G,Toronto Raptors,3454500
237,Malik Monk,SG,Charlotte Hornets,3447480
238,Allonzo Trier, G,New York Knicks,3382000
239,Shai Gilgeous-Alexander,SG,LA Clippers,3375360
240,Devin Booker,SG,Phoenix Suns,3314365
241,Cameron Payne,PG,Cleveland Cavaliers,3263294
242,Kelly Oubre Jr.,SG,Phoenix Suns,3208630
243,Marquese Chriss,SF,Cleveland Cavaliers,3206160
244,Bryn Forbes,SG,San Antonio Spurs,3125000
245,Terry Rozier,SG,Boston Celtics,3050390
246,Elfrid Payton,PG,New Orleans Pelicans,3000000
247,Bam Adebayo, C,Miami Heat,2955840
248,Michael Porter Jr.,SF,Denver Nuggets,2894160
249,Thon Maker, F,Detroit Pistons,2799720
250,Cedi Osman,SF,Cleveland Cavaliers,2775000
251,Troy Brown Jr., F,Washington Wizards,2749080
252,Guerschon Yabusele, F,Boston Celtics,2667600
253,Jerian Grant, G,Orlando Magic,2639314
254,D.J. Wilson,PF,Milwaukee Bucks,2534280
255,Dario Saric,PF,Minnesota Timberwolves,2526840
256,Justin Anderson, F,Atlanta Hawks,2516048
257,Reggie Bullock,SF,Los Angeles Lakers,2500000
258,Dante Cunningham, F,San Antonio Spurs,2487000
259,Rondae Hollis-Jefferson, F,Brooklyn Nets,2470357
260,Ekpe Udoh, F,Utah Jazz,3360000
261,Luke Kennard,SG,Detroit Pistons,3275280
262,Troy Daniels, G,Phoenix Suns,3258539
263,Miles Bridges,SF,Charlotte Hornets,3206640
264,Tomas Satoransky,SG,Washington Wizards,3129187
265,Donovan Mitchell,SG,Utah Jazz,3111480
266,Jerome Robinson,SG,LA Clippers,3046200
267,Yogi Ferrell, G,Sacramento Kings,3000000
268,Jakob Poeltl, C,San Antonio Spurs,2947320
269,Justin Jackson,SF,Dallas Mavericks,2807880
270,Seth Curry,SG,Portland Trail Blazers,2795000
271,Sam Dekker, F,Washington Wizards,2760095
272,Justin Patton, C,Philadelphia 76ers,2667600
273,Domantas Sabonis,PF,Indiana Pacers,2659800
274,Delon Wright, G,Memphis Grizzlies,2536898
275,Zhaire Smith, G,Philadelphia 76ers,2526840
276,Taurean Prince,PF,Atlanta Hawks,2526840
277,Manu Ginobili, G,San Antonio Spurs,2500000
278,Bobby Portis, C,Washington Wizards,2494346
279,Donte DiVincenzo,SG,Milwaukee Bucks,2481000
280,Kendrick Perkins, C,Cleveland Cavaliers,2445085
281,Jarell Martin, F,Orlando Magic,2416222
282,Wayne Ellington,SG,Detroit Pistons,2383076
283,John Collins,PF,Atlanta Hawks,2299080
284,Larry Nance Jr.,PF,Cleveland Cavaliers,2272391
285,Brandon Jennings, G,Milwaukee Bucks,2222803
286,Darius Miller,SF,New Orleans Pelicans,2205000
287,Josh Okogie,SF,Minnesota Timberwolves,2160720
288,Terrance Ferguson,SF,Oklahoma City Thunder,2118840
289,Sean Kilpatrick, G,Chicago Bulls,2054856
290,Jarrett Allen, C,Brooklyn Nets,2034120
291,Torrey Craig,SF,Denver Nuggets,2000000
292,Ante Zizic, C,Cleveland Cavaliers,1952760
293,Aaron Holiday,PG,Indiana Pacers,1911960
294,DeAndre Liggins, G,Miami Heat,1795015
295,Malik Beasley,SG,Denver Nuggets,1773840
296,Anfernee Simons,SG,Portland Trail Blazers,1760520
297,Caleb Swanigan, F,Sacramento Kings,1740000
298,Landry Shamet,SG,LA Clippers,1703649
299,Jonah Bolden,PF,Philadelphia 76ers,1690000
300,Emeka Okafor, C,Philadelphia 76ers,2445085
301,Tyus Jones,PG,Minnesota Timberwolves,2444053
302,T.J. Leaf, F,Indiana Pacers,2407560
303,Lonnie Walker IV,SG,San Antonio Spurs,2357160
304,Denzel Valentine,SG,Chicago Bulls,2280600
305,Kevin Huerter,SG,Atlanta Hawks,2250960
306,Harry Giles III,PF,Sacramento Kings,2207040
307,Juancho Hernangomez,PF,Denver Nuggets,2166360
308,Raul Neto,PG,Utah Jazz,2150000
309,Grayson Allen,SG,Utah Jazz,2074320
310,OG Anunoby,SF,Toronto Raptors,2034120
311,Corey Brewer, F,Sacramento Kings,2000000
312,Chandler Hutchison, F,Chicago Bulls,1990520
313,Shabazz Napier, G,Brooklyn Nets,1942422
314,Tyler Lydon, F,Denver Nuggets,1874640
315,Trey Burke,PG,Dallas Mavericks,1795015
316,Moritz Wagner, C,Los Angeles Lakers,1762080
317,Nerlens Noel, C,Oklahoma City Thunder,1757429
318,Furkan Korkmaz,SG,Philadelphia 76ers,1740000
319,Caris LeVert,SG,Brooklyn Nets,1702800
320,Tony Bradley, C,Utah Jazz,1679520
321,Spencer Dinwiddie,PG,Brooklyn Nets,1656092
322,MarShon Brooks, G,Memphis Grizzlies,1656092
323,Robert Williams III, C,Boston Celtics,1654440
324,Pat Connaughton,SG,Milwaukee Bucks,1641000
325,Dzanan Musa, F,Brooklyn Nets,1632240
326,Omari Spellman, F,Atlanta Hawks,1620480
327,Rodions Kurucs,SF,Brooklyn Nets,1618320
328,T.J. McConnell,PG,Philadelphia 76ers,1600520
329,Malachi Richardson, G,Toronto Raptors,1569360
330,Pascal Siakam,PF,Toronto Raptors,1544951
331,Damian Jones, C,Golden State Warriors,1544951
332,Chinanu Onuaku, C,Portland Trail Blazers,1544951
333,Skal Labissiere, F,Portland Trail Blazers,1544951
334,Jake Layman,SF,Portland Trail Blazers,1544951
335,Wade Baldwin IV, G,Portland Trail Blazers,1544951
336,Andrew Harrison, G,New Orleans Pelicans,1544951
337,Dorian Finney-Smith,PF,Dallas Mavericks,1544951
338,Paul Zipser, F,Chicago Bulls,1544951
339,Willy Hernangomez, C,Charlotte Hornets,1544951
340,Kyle Kuzma,SF,Los Angeles Lakers,1689840
341,Derrick White,PG,San Antonio Spurs,1667160
342,Julyan Stone, G,Chicago Bulls,1656092
343,Josh Hart,SG,Los Angeles Lakers,1655160
344,Jacob Evans, G,Golden State Warriors,1644240
345,DeAndre' Bembry,SG,Atlanta Hawks,1634640
346,James Ennis III,SF,Philadelphia 76ers,1621415
347,Luke Kornet, C,New York Knicks,1619260
348,Richaun Holmes, C,Phoenix Suns,1600520
349,Dwight Buycks, G,Detroit Pistons,1600520
350,Jahlil Okafor, C,New Orleans Pelicans,1567707
351,Dejounte Murray,PG,San Antonio Spurs,1544951
352,Georgios Papagiannis, C,Portland Trail Blazers,1544951
353,Cheick Diallo, F,New Orleans Pelicans,1544951
354,Timothe Luwawu-Cabarrot,SG,Chicago Bulls,1544951
355,Ivica Zubac, C,LA Clippers,1544951
356,Malcolm Brogdon,PG,Milwaukee Bucks,1544951
357,Rodney McGruder,SG,Miami Heat,1544951
358,Quinn Cook,PG,Golden State Warriors,1544951
359,Wayne Selden, G,Chicago Bulls,1544951
360,Shelvin Mack, G,Charlotte Hornets,1512601
361,Georges Niang,SF,Utah Jazz,1512601
362,Quincy Pondexter, F,San Antonio Spurs,1512601
363,Derrick Jones Jr.,SF,Miami Heat,1512601
364,Amir Johnson, F,Philadelphia 76ers,1512601
365,Noah Vonleh, F,New York Knicks,1512601
366,Jamal Crawford, G,Phoenix Suns,1512601
367,Treveon Graham, F,Brooklyn Nets,1512601
368,Udonis Haslem,PF,Miami Heat,1512601
369,David Nwaba,SF,Cleveland Cavaliers,1512601
370,Gerald Green, G,Houston Rockets,1512601
371,Jonas Jerebko, F,Golden State Warriors,1512601
372,Zaza Pachulia, C,Detroit Pistons,1512601
373,Devin Harris, G,Dallas Mavericks,1512601
374,Ian Clark, G,New Orleans Pelicans,1512601
375,Vince Carter, G,Atlanta Hawks,1512601
376,Mitchell Robinson, C,New York Knicks,1485440
377,Dillon Brooks,SF,Memphis Grizzlies,1378242
378,Khem Birch, C,Orlando Magic,1378242
379,Royce O'Neale,PF,Utah Jazz,1378242
380,Alex Poythress, F,Atlanta Hawks,1544951
381,Omri Casspi, F,Memphis Grizzlies,1512601
382,Raymond Felton, G,Oklahoma City Thunder,1512601
383,Troy Williams, F,Sacramento Kings,1512601
384,Carmelo Anthony,PF,Houston Rockets,1512601
385,Derrick Rose,PG,Minnesota Timberwolves,1512601
386,Jeff Green,PF,Washington Wizards,1512601
387,Luol Deng, F,Minnesota Timberwolves,1512601
388,Isaiah Canaan, G,Milwaukee Bucks,1512601
389,Dwyane Wade, G,Miami Heat,1512601
390,Christian Wood, C,New Orleans Pelicans,1512601
391,Kevon Looney, C,Golden State Warriors,1512601
392,Jose Calderon, G,Detroit Pistons,1512601
393,JaVale McGee, C,Los Angeles Lakers,1512601
394,Channing Frye, F,Cleveland Cavaliers,1512601
395,Isaiah Thomas, G,Denver Nuggets,1512601
396,Svi Mykhailiuk,SG,Detroit Pistons,1487694
397,Tyler Dorsey, G,Memphis Grizzlies,1378242
398,Dakari Johnson, C,Memphis Grizzlies,1378242
399,Thomas Bryant, C,Washington Wizards,1378242
400,Brandon Paul, G,San Antonio Spurs,1378242
401,Abdel Nader,SF,Oklahoma City Thunder,1378242
402,Sindarius Thornwell, G,LA Clippers,1378242
403,Ivan Rabb,PF,Memphis Grizzlies,1378242
404,Rodney Purvis, G,Miami Heat,1378242
405,Zhou Qi, C,Houston Rockets,1378242
406,Jordan Bell, F,Golden State Warriors,1378242
407,Maxi Kleber,PF,Dallas Mavericks,1378242
408,Daniel Theis, C,Boston Celtics,1378242
409,Wes Iwundu,SF,Orlando Magic,1378242
410,Jabari Bird, G,Atlanta Hawks,1349464
411,Alfonzo McKinnie,SF,Golden State Warriors,1349383
412,Daniel Hamilton, F,Atlanta Hawks,1349383
413,Ryan Arcidiacono,PG,Chicago Bulls,1349383
414,Tyson Chandler, C,Los Angeles Lakers,1333140
415,Elie Okobo, G,Phoenix Suns,1238464
416,Okaro White, F,Washington Wizards,1187862
417,Melvin Frazier Jr., G,Orlando Magic,1050000
418,Isaac Bonga, G,Los Angeles Lakers,1000000
419,De'Anthony Melton,SG,Phoenix Suns,949000
420,Antonius Cleveland, G,Oklahoma City Thunder,1378242
421,Jawun Evans, G,Oklahoma City Thunder,1378242
422,Dwayne Bacon,SG,Charlotte Hornets,1378242
423,Frank Mason III, G,Sacramento Kings,1378242
424,Jaylen Morris, G,Milwaukee Bucks,1378242
425,David Stockton, G,Los Angeles Lakers,1378242
426,Sterling Brown,SF,Milwaukee Bucks,1378242
427,Frank Jackson,PG,New Orleans Pelicans,1378242
428,Damyean Dotson,SG,New York Knicks,1378242
429,Ike Anigbogu, C,Indiana Pacers,1378242
430,Semi Ojeleye,PF,Boston Celtics,1378242
431,Ben Moore, F,San Antonio Spurs,1349383
432,Monte Morris,PG,Denver Nuggets,1349383
433,Antonio Blakeney, G,Chicago Bulls,1349383
434,Tyrone Wallace,SG,LA Clippers,1349383
435,Shaquille Harrison, G,Chicago Bulls,1311265
436,Jalen Brunson,PG,Dallas Mavericks,1230000
437,Joakim Noah, C,Memphis Grizzlies,1093858
438,Nick Young, G,Denver Nuggets,1042584
439,Devonte' Graham,PG,Charlotte Hornets,988464
440,Austin Rivers, G,Houston Rockets,922943
441,Brad Wanamaker,PG,Boston Celtics,838464
442,Kenrich Williams,SF,New Orleans Pelicans,838464
443,Chimezie Metu,PF,San Antonio Spurs,838464
444,Ryan Broekhoff, G,Dallas Mavericks,838464
445,Alize Johnson,PF,Indiana Pacers,838464
446,Jarred Vanderbilt,PF,Denver Nuggets,838464
447,Hamidou Diallo,SG,Oklahoma City Thunder,838464
448,Patrick McCaw,SF,Toronto Raptors,777665
449,Brandon Goodwin,PG,Denver Nuggets,630032
450,Bruno Caboclo, F,Memphis Grizzlies,522151
451,Salah Mejri, C,Dallas Mavericks,512746
452,Jeremy Lin, G,Toronto Raptors,487109
453,John Jenkins, G,Washington Wizards,486520
454,Malcolm Miller, F,Toronto Raptors,457418
455,Henry Ellenson,PF,New York Knicks,341831
456,Andrew Bogut, C,Golden State Warriors,307648
457,Danuel House Jr.,SF,Houston Rockets,247827
458,Tim Frazier, G,New Orleans Pelicans,196553
459,Ray Spalding, F,Phoenix Suns,184746
460,Ron Baker, G,Washington Wizards,948580
461,Chasson Randle,PG,Washington Wizards,869094
462,Gary Trent Jr.,SG,Portland Trail Blazers,838464
463,Keita Bates-Diop,SF,Minnesota Timberwolves,838464
464,Jevon Carter,PG,Memphis Grizzlies,838464
465,Isaiah Briscoe, G,Orlando Magic,838464
466,Bruce Brown,SF,Detroit Pistons,838464
467,Khyri Thomas, F,Detroit Pistons,838464
468,Isaiah Hartenstein, C,Houston Rockets,838464
469,Kenneth Faried, F,Houston Rockets,683661
470,Gary Clark,SF,Houston Rockets,596873
471,Wesley Matthews,SG,Indiana Pacers,512746
472,Nik Stauskas, G,Cleveland Cavaliers,504200
473,Enes Kanter, C,Portland Trail Blazers,487109
474,Chris Boucher,PF,Toronto Raptors,457418
475,Markieff Morris,PF,Oklahoma City Thunder,427288
476,Pau Gasol,PF,Milwaukee Bucks,333285
477,Jaylen Adams, G,Atlanta Hawks,270014
478,Jimmer Fredette, G,Phoenix Suns,208509
479,Dairis Bertans, G,New Orleans Pelicans,194220
480,Cameron Reynolds,SF,Minnesota Timberwolves,108953
481,JaKarr Sampson,SF,Chicago Bulls,85458
482,Greg Monroe, C,Philadelphia 76ers,59820
483,Tyler Zeller, C,Memphis Grizzlies,59820
484,Isaac Humphries, C,Atlanta Hawks,47371
485,Billy Garrett Jr., G,New York Knicks,42634
486,Deyonta Davis, F,Atlanta Hawks,25367
487,Yante Maten, F,Miami Heat,18948
488,Jordan McRae, G,Washington Wizards,17092
489,Tarik Phillip, G,Washington Wizards,9474
490,Theo Pinson,SG,Brooklyn Nets,4737
491,Deonte Burton, G,Oklahoma City Thunder,151587
492,Chris Chiozza,PG,Houston Rockets,90005
493,Donatas Motiejunas, F,San Antonio Spurs,59820
494,Michael Carter-Williams,PG,Orlando Magic,59820
495,Jemerrio Jones, F,Los Angeles Lakers,52108
496,Mitchell Creek, G,Minnesota Timberwolves,47371
497,BJ Johnson, F,Sacramento Kings,42634
498,Michael Frazier II, G,Houston Rockets,23685
499,Eric Moreland, C,Phoenix Suns,17092
500,Jonathan Gibson, G,Boston Celtics,17092
501,Duncan Robinson,SG,Miami Heat,9474
502,Kendrick Nunn,SG,Miami Heat,4737
503,Russell Westbrook,PG,Houston Rockets,38506482
504,James Harden,SG,Houston Rockets,38199000
505,John Wall,PG,Houston Rockets,38199000
506,Kyle Lowry,PG,Toronto Raptors,34996296
507,Kemba Walker,PG,Boston Celtics,32742000
508,Jimmy Butler,SF,Miami Heat,32742000
509,Klay Thompson,SG,Golden State Warriors,32742000
510,Mike Conley,PG,Utah Jazz,32511624
511,Khris Middleton,SF,Milwaukee Bucks,30603448
512,Paul Millsap,PF,Denver Nuggets,30350000
513,Kevin Love,PF,Cleveland Cavaliers,28942830
514,Al Horford, C,Philadelphia 76ers,28000000
515,CJ McCollum,SG,Portland Trail Blazers,27556959
516,Andrew Wiggins,SF,Golden State Warriors,27504630
517,Devin Booker,SG,Phoenix Suns,27285000
518,Karl-Anthony Towns, C,Minnesota Timberwolves,27285000
519,Otto Porter Jr.,SF,Chicago Bulls,27250575
520,Andre Drummond, C,Cleveland Cavaliers,27093019
521,Hassan Whiteside, C,Portland Trail Blazers,27093017
522,LaMarcus Aldridge, C,San Antonio Spurs,26000000
523,Stephen Curry,PG,Golden State Warriors,40231758
524,Chris Paul,PG,Oklahoma City Thunder,38506482
525,Kevin Durant,PF,Brooklyn Nets,38199000
526,LeBron James,SF,Los Angeles Lakers,37436858
527,Blake Griffin,PF,Detroit Pistons,34449964
528,Tobias Harris,PF,Philadelphia 76ers,32742000
529,Kawhi Leonard,SF,LA Clippers,32742000
530,Gordon Hayward,SF,Boston Celtics,32700690
531,Kyrie Irving,PG,Brooklyn Nets,31742000
532,Paul George,SG,LA Clippers,30560700
533,Damian Lillard,PG,Portland Trail Blazers,29802321
534,Nikola Vucevic, C,Orlando Magic,28000000
535,DeMar DeRozan,SF,San Antonio Spurs,27739975
536,Joel Embiid, C,Philadelphia 76ers,27504630
537,Nikola Jokic, C,Denver Nuggets,27504630
538,D'Angelo Russell,PG,Minnesota Timberwolves,27285000
539,Kristaps Porzingis, C,Dallas Mavericks,27285000
540,Bradley Beal,SG,Washington Wizards,27093019
541,Anthony Davis,PF,Los Angeles Lakers,27093018
542,Jrue Holiday,PG,New Orleans Pelicans,26231111
543,Steven Adams, C,Oklahoma City Thunder,25842697
544,Nicolas Batum,PF,Charlotte Hornets,25565217
545,Harrison Barnes,SF,Sacramento Kings,24147727
546,Rudy Gobert, C,Utah Jazz,23241573
547,Victor Oladipo,SG,Indiana Pacers,21000000
548,Malcolm Brogdon,PG,Indiana Pacers,20000000
549,Aaron Gordon,PF,Orlando Magic,19863636
550,Kent Bazemore,SF,Sacramento Kings,19269662
551,Jeff Teague,PG,Atlanta Hawks,19000000
552,Draymond Green,PF,Golden State Warriors,18539130
553,Allen Crabbe, G,Minnesota Timberwolves,18500000
554,Myles Turner, C,Indiana Pacers,18000000
555,Derrick Favors, C,New Orleans Pelicans,17650000
556,Evan Fournier,SG,Orlando Magic,17150000
557,Bojan Bogdanovic,SF,Utah Jazz,17000000
558,Gorgui Dieng, C,Memphis Grizzlies,16229213
559,Jonas Valanciunas, C,Memphis Grizzlies,16000000
560,Kelly Oubre Jr.,SG,Phoenix Suns,15625000
561,Dennis Schroder,PG,Oklahoma City Thunder,15500000
562,James Johnson,PF,Minnesota Timberwolves,15349400
563,Giannis Antetokounmpo,PF,Milwaukee Bucks,25842697
564,Marc Gasol, C,Toronto Raptors,25595700
565,Chandler Parsons,SF,Atlanta Hawks,25102511
566,Serge Ibaka, C,Toronto Raptors,23271604
567,Danilo Gallinari,PF,Oklahoma City Thunder,22615559
568,Tim Hardaway Jr.,SF,Dallas Mavericks,20025127
569,Terry Rozier,SG,Charlotte Hornets,19894737
570,Zach LaVine,SG,Chicago Bulls,19500000
571,Goran Dragic,PG,Miami Heat,19217900
572,Evan Turner, G,Atlanta Hawks,18606556
573,Tristan Thompson, C,Cleveland Cavaliers,18539130
574,Julius Randle,PF,New York Knicks,18000000
575,Gary Harris,SG,Denver Nuggets,17839286
576,Andre Iguodala,SF,Miami Heat,17185185
577,Bismack Biyombo, C,Charlotte Hornets,17000000
578,Timofey Mozgov, C,Orlando Magic,16720000
579,Ricky Rubio,PG,Phoenix Suns,16200000
580,Brandon Knight, G,Detroit Pistons,15643750
581,Eric Bledsoe,SG,Milwaukee Bucks,15625000
582,Ian Mahinmi, C,Washington Wizards,15450051
583,Marcus Morris Sr.,SF,LA Clippers,15000000
584,Luke Babbitt, F,Miami Heat,14651700
585,Rudy Gay,SF,San Antonio Spurs,14500000
586,Eric Gordon,SG,Houston Rockets,14057730
587,Marcin Gortat, C,LA Clippers,13565218
588,Jordan Clarkson,PG,Utah Jazz,13437500
589,Jusuf Nurkic, C,Portland Trail Blazers,13125000
590,Thaddeus Young,PF,Chicago Bulls,12900000
591,Courtney Lee, G,Dallas Mavericks,12759670
592,Larry Nance Jr.,PF,Cleveland Cavaliers,12727273
593,Marcus Smart,PG,Boston Celtics,12553571
594,Terrence Ross,SG,Orlando Magic,12500000
595,Patty Mills,PG,San Antonio Spurs,12428571
596,Patrick Beverley,PG,LA Clippers,12345680
597,Brook Lopez, C,Milwaukee Bucks,12093023
598,Joe Ingles,SG,Utah Jazz,11954546
599,Tony Snell,SF,Detroit Pistons,11392857
600,Meyers Leonard, C,Miami Heat,11286516
601,Maurice Harkless,SF,New York Knicks,11011234
602,Andre Roberson, F,Oklahoma City Thunder,10740740
603,Bobby Portis, C,New York Knicks,15000000
604,Clint Capela, C,Houston Rockets,14896552
605,Danny Green,SF,Los Angeles Lakers,14634146
606,Cody Zeller, C,Charlotte Hornets,14471910
607,Mason Plumlee, C,Denver Nuggets,14041096
608,JJ Redick,SG,New Orleans Pelicans,13486300
609,Dewayne Dedmon, C,Atlanta Hawks,13333333
610,Justise Winslow,PF,Miami Heat,13000000
611,Will Barton,SF,Denver Nuggets,12776786
612,Solomon Hill,SF,Miami Heat,12758781
613,Kelly Olynyk,PF,Miami Heat,12667885
614,Miles Plumlee, C,Memphis Grizzlies,12500000
615,Nikola Mirotic, F,Milwaukee Bucks,12500000
616,Tyreke Evans, G,Indiana Pacers,12400000
617,Trevor Ariza,SF,Portland Trail Blazers,12195122
618,Cory Joseph,PG,Sacramento Kings,12000000
619,Zach Randolph, F,Dallas Mavericks,11692308
620,Robert Covington,PF,Houston Rockets,11301219
621,Omer Asik, C,Chicago Bulls,11286516
622,T.J. Warren,SF,Indiana Pacers,10810000
623,Jeremy Lamb,SG,Indiana Pacers,10500000
624,Norman Powell,SF,Toronto Raptors,10116576
625,Darren Collison, G,Indiana Pacers,10000000
626,DeAndre Jordan, C,Brooklyn Nets,9881598
627,Markelle Fultz,PG,Orlando Magic,9745200
628,Matthew Dellavedova,PG,Cleveland Cavaliers,9607500
629,Deandre Ayton, C,Phoenix Suns,9562920
630,Fred VanVleet,SG,Toronto Raptors,9346153
631,Tyus Jones,PG,Memphis Grizzlies,9258000
632,George Hill, G,Milwaukee Bucks,9133907
633,Taj Gibson, C,New York Knicks,9000000
634,Lonzo Ball,PG,New Orleans Pelicans,8719320
635,Marvin Bagley III,PF,Sacramento Kings,8556120
636,P.J. Tucker,PF,Houston Rockets,8349039
637,Cristiano Felicio,PF,Chicago Bulls,8156500
638,Kentavious Caldwell-Pope,SG,Los Angeles Lakers,8089282
639,Elfrid Payton,PG,New York Knicks,8000000
640,Maxi Kleber,PF,Dallas Mavericks,8000000
641,RJ Barrett,SG,New York Knicks,7839960
642,Jae Crowder,PF,Miami Heat,7815533
643,Spencer Dinwiddie,PG,Brooklyn Nets,10605600
644,Dwight Powell, C,Dallas Mavericks,10259375
645,Josh Richardson,SG,Philadelphia 76ers,10116576
646,Tomas Satoransky,SG,Chicago Bulls,10000000
647,Zion Williamson,PF,New Orleans Pelicans,9757440
648,John Henson, F,Detroit Pistons,9732396
649,Dante Exum,PG,Cleveland Cavaliers,9600000
650,Delon Wright, G,Dallas Mavericks,9473684
651,Jerami Grant,SF,Denver Nuggets,9346153
652,Al-Farouq Aminu,PF,Orlando Magic,9258000
653,Kyle Anderson,SF,Memphis Grizzlies,9073050
654,Ja Morant,PG,Memphis Grizzlies,8730240
655,E'Twaun Moore,SG,New Orleans Pelicans,8664928
656,Bogdan Bogdanovic,SG,Sacramento Kings,8529386
657,C.J. Miles,SG,Washington Wizards,8333333
658,Ben Simmons,PG,Philadelphia 76ers,8113930
659,Thomas Bryant, C,Washington Wizards,8000000
660,Wayne Ellington,SG,New York Knicks,8000000
661,Lou Williams,SG,LA Clippers,8000000
662,Jayson Tatum,SF,Boston Celtics,7830000
663,Joe Harris,SF,Brooklyn Nets,7666667
664,Seth Curry,SG,Dallas Mavericks,7461380
665,Doug McDermott,SF,Indiana Pacers,7333333
666,Brandon Ingram,SF,New Orleans Pelicans,7265485
667,Lance Thomas, F,Brooklyn Nets,7119650
668,Josh Jackson,SG,Memphis Grizzlies,7059480
669,Ersan Ilyasova,PF,Milwaukee Bucks,7000000
670,Jaren Jackson Jr.,PF,Memphis Grizzlies,6927480
671,Jaylen Brown,SG,Boston Celtics,6534829
672,Ivica Zubac, C,LA Clippers,6481482
673,De'Aaron Fox,PG,Sacramento Kings,6392760
674,Trae Young,PG,Atlanta Hawks,6273000
675,Ish Smith,PG,Washington Wizards,6000000
676,Marco Belinelli, G,San Antonio Spurs,5846154
677,Jonathan Isaac,PF,Orlando Magic,5806440
678,Jonathon Simmons, G,Washington Wizards,5700000
679,Trey Lyles,PF,San Antonio Spurs,5500000
680,Aron Baynes, C,Phoenix Suns,5453280
681,Kris Dunn,PG,Chicago Bulls,5348007
682,Lauri Markkanen,PF,Chicago Bulls,5300400
683,Luka Doncic,PG,Dallas Mavericks,7683360
684,Darrell Arthur, F,Phoenix Suns,7464912
685,Langston Galloway,SG,Detroit Pistons,7333333
686,Derrick Rose,PG,Detroit Pistons,7317073
687,D.J. Augustin,PG,Orlando Magic,7250000
688,De'Andre Hunter,SF,Atlanta Hawks,7068360
689,Davis Bertans,SF,Washington Wizards,7000000
690,Darius Miller,SF,Oklahoma City Thunder,7000000
691,Nemanja Bjelica, F,Sacramento Kings,6825000
692,Jabari Parker,PF,Sacramento Kings,6500000
693,Darius Garland,PG,Cleveland Cavaliers,6400920
694,Milos Teodosic, G,LA Clippers,6300000
695,Wesley Johnson, F,Washington Wizards,6134520
696,Montrezl Harrell, C,LA Clippers,6000000
697,Jarrett Culver,SF,Minnesota Timberwolves,5813640
698,Rodney Hood,SG,Portland Trail Blazers,5718000
699,Mo Bamba, C,Orlando Magic,5697600
700,Alex Abrines, G,Oklahoma City Thunder,5455236
701,Jason Smith, F,New Orleans Pelicans,5450000
702,Coby White,PG,Chicago Bulls,5307120
703,Wendell Carter Jr., C,Chicago Bulls,5201400
704,Daniel Theis, C,Boston Celtics,5000000
705,Jaxson Hayes, C,New Orleans Pelicans,4862040
706,Frank Ntilikina,PG,New York Knicks,4855800
707,Robin Lopez, C,Milwaukee Bucks,4767000
708,Enes Kanter, C,Boston Celtics,4767000
709,Mike Scott,PF,Philadelphia 76ers,4767000
710,Justin Holiday,SF,Indiana Pacers,4767000
711,JaMychal Green,PF,LA Clippers,4767000
712,Collin Sexton,PG,Cleveland Cavaliers,4764960
713,Kevon Looney, C,Golden State Warriors,4464226
714,Jamal Murray,PG,Denver Nuggets,4444746
715,Luc Mbah a Moute, F,Houston Rockets,4320500
716,Zach Collins,PF,Portland Trail Blazers,4240200
717,Alex Len, C,Sacramento Kings,4160000
718,Cameron Johnson,SF,Phoenix Suns,4033440
719,Patrick McCaw,SF,Toronto Raptors,4000000
720,JaVale McGee, C,Los Angeles Lakers,4000000
721,Shai Gilgeous-Alexander,SG,Oklahoma City Thunder,3952920
722,Luke Kennard,SG,Detroit Pistons,3827160
723,Alexis Ajinca, C,LA Clippers,5285394
724,Dirk Nowitzki, F,Dallas Mavericks,5000000
725,Kyle Singler, F,Oklahoma City Thunder,4996000
726,Buddy Hield,SG,Sacramento Kings,4861208
727,Rodney McGruder,SG,LA Clippers,4807693
728,Richaun Holmes, C,Sacramento Kings,4767000
729,Frank Kaminsky,PF,Phoenix Suns,4767000
730,Ed Davis, C,Utah Jazz,4767000
731,Avery Bradley,PG,Los Angeles Lakers,4767000
732,Garrett Temple,SF,Brooklyn Nets,4767000
733,Rui Hachimura,PF,Washington Wizards,4469160
734,Dennis Smith Jr.,PG,New York Knicks,4463640
735,Kevin Knox II,SF,New York Knicks,4380120
736,Cam Reddish,SF,Atlanta Hawks,4245720
737,Mikal Bridges,SF,Phoenix Suns,4161000
738,Nicolo Melli,PF,New Orleans Pelicans,4102564
739,Malik Monk,SG,Charlotte Hornets,4028400
740,Reggie Bullock,SF,New York Knicks,4000000
741,Dorian Finney-Smith,PF,Dallas Mavericks,4000000
742,P.J. Washington,PF,Charlotte Hornets,3831840
743,Jakob Poeltl, C,San Antonio Spurs,3754886
744,Donovan Mitchell,SG,Utah Jazz,3635760
745,Jake Layman,SF,Minnesota Timberwolves,3581986
746,Jerome Robinson,SG,Washington Wizards,3567720
747,Danuel House Jr.,SF,Houston Rockets,3540000
748,Michael Beasley, F,Brooklyn Nets,3500000
749,T.J. McConnell,PG,Indiana Pacers,3500000
750,Dario Saric,PF,Phoenix Suns,3481986
751,Romeo Langford,SG,Boston Celtics,3458400
752,Michael Porter Jr.,SF,Denver Nuggets,3389400
753,Juancho Hernangomez,PF,Minnesota Timberwolves,3321030
754,Justin Jackson,SF,Dallas Mavericks,3280920
755,Yogi Ferrell, G,Sacramento Kings,3150000
756,Khem Birch, C,Orlando Magic,3000000
757,Ryan Arcidiacono,PG,Chicago Bulls,3000000
758,D.J. Wilson,PF,Milwaukee Bucks,2961120
759,Donte DiVincenzo,SG,Milwaukee Bucks,2905800
760,Goga Bitadze, C,Indiana Pacers,2816760
761,Alex Caruso,SG,Los Angeles Lakers,2750000
762,Luka Samanic,PF,San Antonio Spurs,2689920
763,Miles Bridges,SF,Charlotte Hornets,3755400
764,Tyler Herro,PG,Miami Heat,3640200
765,Stanley Johnson,SF,Toronto Raptors,3623000
766,Thon Maker, F,Detroit Pistons,3569643
767,Allonzo Trier, G,New York Knicks,3551000
768,Domantas Sabonis,PF,Indiana Pacers,3529555
769,DeMarcus Cousins, C,LA Clippers,3500000
770,Boban Marjanovic, C,Dallas Mavericks,3500000
771,Taurean Prince,PF,Brooklyn Nets,3481986
772,Bam Adebayo, C,Miami Heat,3454080
773,Denzel Valentine,SG,Chicago Bulls,3377569
774,Sekou Doumbouya,SF,Detroit Pistons,3285120
775,Troy Brown Jr., F,Washington Wizards,3219480
776,Zhaire Smith, G,Philadelphia 76ers,3058800
777,Quinn Cook,PG,Los Angeles Lakers,3000000
778,Nickeil Alexander-Walker,SG,New Orleans Pelicans,2964840
779,Cedi Osman,SF,Cleveland Cavaliers,2907143
780,Bryn Forbes,SG,San Antonio Spurs,2875000
781,T.J. Leaf, F,Indiana Pacers,2813280
782,Malik Beasley,SG,Minnesota Timberwolves,2731714
783,John Collins,PF,Atlanta Hawks,2686560
784,Caris LeVert,SG,Brooklyn Nets,2625718
785,DeAndre' Bembry,SG,Atlanta Hawks,2603982
786,Harry Giles III,PF,Sacramento Kings,2578800
787,Rajon Rondo,PG,Los Angeles Lakers,2564753
788,Josh Okogie,SF,Minnesota Timberwolves,2530680
789,Manu Ginobili, G,San Antonio Spurs,2500000
790,Brandon Clarke,PF,Memphis Grizzlies,2478840
791,Emeka Okafor, C,Philadelphia 76ers,2445085
792,Grayson Allen,SG,Memphis Grizzlies,2429400
793,Jarrett Allen, C,Brooklyn Nets,2376840
794,Skal Labissiere, F,Portland Trail Blazers,2338847
795,Aaron Holiday,PG,Indiana Pacers,2329200
796,Damian Jones, C,Atlanta Hawks,2305057
797,OG Anunoby,SF,Toronto Raptors,2281800
798,Luke Kornet, C,Chicago Bulls,2250000
799,Ty Jerome,SG,Phoenix Suns,2193480
800,Anfernee Simons,SG,Portland Trail Blazers,2149560
801,Nassir Little,SF,Portland Trail Blazers,2105520
802,Sean Kilpatrick, G,Chicago Bulls,2054856
803,Lonnie Walker IV,SG,San Antonio Spurs,2689920
804,Kevin Huerter,SG,Atlanta Hawks,2636280
805,Marko Guduric, G,Memphis Grizzlies,2625000
806,Matisse Thybulle,SG,Philadelphia 76ers,2582160
807,Wesley Matthews,SG,Milwaukee Bucks,2564753
808,Nene Hilario, C,Atlanta Hawks,2564753
809,Vincent Poirier, C,Boston Celtics,2505793
810,Rondae Hollis-Jefferson, F,Toronto Raptors,2500000
811,Terrance Ferguson,SF,Oklahoma City Thunder,2475840
812,Kendrick Perkins, C,Cleveland Cavaliers,2445085
813,Grant Williams,PF,Boston Celtics,2379840
814,Pascal Siakam,PF,Toronto Raptors,2351839
815,Chandler Hutchison, F,Chicago Bulls,2332320
816,Dejounte Murray,PG,San Antonio Spurs,2321735
817,Darius Bazley,PF,Oklahoma City Thunder,2284800
818,Ante Zizic, C,Cleveland Cavaliers,2281800
819,Brandon Jennings, G,Milwaukee Bucks,2222803
820,Willie Cauley-Stein, C,Dallas Mavericks,2177483
821,Austin Rivers, G,Houston Rockets,2147317
822,Moritz Wagner, C,Washington Wizards,2063520
823,Caleb Swanigan, F,Portland Trail Blazers,2033160
824,Ben McLemore, G,Houston Rockets,2028594
825,Noah Vonleh, F,Denver Nuggets,2000000
826,Landry Shamet,SG,LA Clippers,1995120
827,Kyle Kuzma,SF,Los Angeles Lakers,1974600
828,Tony Bradley, C,Utah Jazz,1962360
829,Derrick White,PG,San Antonio Spurs,1948080
830,Jacob Evans, G,Minnesota Timberwolves,1925880
831,Omari Spellman, F,Golden State Warriors,1897800
832,Shabazz Napier, G,Washington Wizards,1845301
833,DeAndre Liggins, G,Miami Heat,1795015
834,Mario Hezonja, F,Portland Trail Blazers,1737145
835,Pat Connaughton,SG,Milwaukee Bucks,1723050
836,Rodions Kurucs,SF,Brooklyn Nets,1699236
837,Cheick Diallo, F,Phoenix Suns,1678854
838,Willy Hernangomez, C,Charlotte Hornets,1676735
839,MarShon Brooks, G,Chicago Bulls,1656092
840,Georges Niang,SF,Utah Jazz,1645357
841,Treveon Graham, F,Atlanta Hawks,1645357
842,Jordan McRae, G,Detroit Pistons,1645357
843,Dylan Windler,SG,Cleveland Cavaliers,2035800
844,Mike Muscala, C,Oklahoma City Thunder,2028594
845,Torrey Craig,SF,Denver Nuggets,2000000
846,Edmond Sumner,PG,Indiana Pacers,2000000
847,Mfiondu Kabengele, F,LA Clippers,1977000
848,Jordan Poole,SG,Golden State Warriors,1964760
849,Keldon Johnson,SF,San Antonio Spurs,1950600
850,Robert Williams III, C,Boston Celtics,1937520
851,Dzanan Musa, F,Brooklyn Nets,1911600
852,James Ennis III,SF,Orlando Magic,1882867
853,Bruno Caboclo, F,Houston Rockets,1845301
854,Markieff Morris,PF,Los Angeles Lakers,1750000
855,Cameron Payne,PG,Phoenix Suns,1737145
856,Jahlil Okafor, C,New Orleans Pelicans,1702486
857,Jonah Bolden,PF,Phoenix Suns,1698450
858,Dragan Bender, F,Golden State Warriors,1678854
859,Julyan Stone, G,Chicago Bulls,1656092
860,Josh Hart,SG,New Orleans Pelicans,1655160
861,Derrick Jones Jr.,SF,Miami Heat,1645357
862,Christian Wood, C,Detroit Pistons,1645357
863,Isaiah Taylor, G,Toronto Raptors,1620564
864,Emmanuel Mudiay, G,Utah Jazz,1620564
865,Glenn Robinson III, F,Philadelphia 76ers,1620564
866,Kyle O'Quinn, C,Philadelphia 76ers,1620564
867,Michael Carter-Williams,PG,Orlando Magic,1620564
868,Alec Burks,SG,Philadelphia 76ers,1620564
869,Kyle Korver, G,Milwaukee Bucks,1620564
870,Jared Dudley,SF,Los Angeles Lakers,1620564
871,JaKarr Sampson,SF,Indiana Pacers,1620564
872,Ryan Anderson,PF,Houston Rockets,1620564
873,Gerald Green, G,Houston Rockets,1620564
874,Jordan Bell, F,Memphis Grizzlies,1620564
875,Shaquille Harrison, G,Chicago Bulls,1620564
876,J.J. Barea, G,Dallas Mavericks,1620564
877,Isaiah Thomas, G,Washington Wizards,1620564
878,Dillon Brooks,SF,Memphis Grizzlies,1618520
879,Abdel Nader,SF,Oklahoma City Thunder,1618520
880,Sterling Brown,SF,Milwaukee Bucks,1618520
881,Damyean Dotson,SG,New York Knicks,1618520
882,Wes Iwundu,SF,Orlando Magic,1618420
883,Tim Frazier, G,Detroit Pistons,1620564
884,Raul Neto,PG,Philadelphia 76ers,1620564
885,Tyler Lydon, F,Sacramento Kings,1620564
886,Furkan Korkmaz,SG,Philadelphia 76ers,1620564
887,Dwight Howard, C,Los Angeles Lakers,1620564
888,Nerlens Noel, C,Oklahoma City Thunder,1620564
889,Wilson Chandler, F,Brooklyn Nets,1620564
890,Udonis Haslem,PF,Miami Heat,1620564
891,Patrick Patterson,PF,LA Clippers,1620564
892,Justin Patton, C,Oklahoma City Thunder,1620564
893,Thabo Sefolosha, F,Houston Rockets,1620564
894,Tyson Chandler, C,Houston Rockets,1620564
895,Joe Johnson, G,Detroit Pistons,1620564
896,Trey Burke,PG,Dallas Mavericks,1620564
897,Jarell Martin, F,Cleveland Cavaliers,1620564
898,Vince Carter, G,Atlanta Hawks,1620564
899,Royce O'Neale,PF,Utah Jazz,1618520
900,Dwayne Bacon,SG,Charlotte Hornets,1618520
901,Frank Jackson,PG,New Orleans Pelicans,1618520
902,Semi Ojeleye,PF,Boston Celtics,1618520
903,Mitchell Robinson, C,New York Knicks,1599712
904,Malcolm Miller, F,Toronto Raptors,1588231
905,Antonio Blakeney, G,Chicago Bulls,1588231
906,Malachi Richardson, G,Philadelphia 76ers,1569360
907,Chinanu Onuaku, C,Portland Trail Blazers,1544951
908,Isaiah Whitehead, G,Detroit Pistons,1544951
909,Amile Jefferson, F,Orlando Magic,1529007
910,Lorenzo Brown, G,Guangzhou Guangzhou Long-Lions,1512601
911,Dwyane Wade, G,Miami Heat,1512601
912,Isaiah Roby, C,Oklahoma City Thunder,1500000
913,Shake Milton,SG,Philadelphia 76ers,1455697
914,Derrick Walton Jr., G,Detroit Pistons,1445697
915,Thanasis Antetokounmpo,SF,Milwaukee Bucks,1445697
916,Iman Shumpert, G,Brooklyn Nets,1419138
917,De'Anthony Melton,SG,Memphis Grizzlies,1416852
918,Jemerrio Jones, F,Milwaukee Bucks,1416852
919,Svi Mykhailiuk,SG,Detroit Pistons,1416852
920,Keita Bates-Diop,SF,Denver Nuggets,1416852
921,Jevon Carter,PG,Phoenix Suns,1416852
922,Melvin Frazier Jr., G,Orlando Magic,1416852
923,Dwight Buycks, G,Detroit Pistons,1600520
924,Chris Boucher,PF,Toronto Raptors,1588231
925,Monte Morris,PG,Denver Nuggets,1588231
926,Tyrone Wallace,SG,Atlanta Hawks,1588231
927,Georgios Papagiannis, C,Portland Trail Blazers,1544951
928,Wade Baldwin IV, G,Indiana Pacers,1544951
929,Paul Zipser, F,Chicago Bulls,1544951
930,Omri Casspi, F,Memphis Grizzlies,1512601
931,Isaiah Canaan, G,Milwaukee Bucks,1512601
932,Nigel Williams-Goss, G,Utah Jazz,1500000
933,Alfonzo McKinnie,SF,Cleveland Cavaliers,1500000
934,Brad Wanamaker,PG,Boston Celtics,1445697
935,Theo Pinson,SG,Brooklyn Nets,1445697
936,Wenyen Gabriel,PF,Portland Trail Blazers,1445697
937,Devonte' Graham,PG,Charlotte Hornets,1416852
938,Gary Trent Jr.,SG,Portland Trail Blazers,1416852
939,Kenrich Williams,SF,New Orleans Pelicans,1416852
940,Deonte Burton, G,Oklahoma City Thunder,1416852
941,Chimezie Metu,PF,San Antonio Spurs,1416852
942,Ryan Broekhoff, G,Dallas Mavericks,1416852
943,Alize Johnson,PF,Indiana Pacers,1416852
944,Jarred Vanderbilt,PF,Minnesota Timberwolves,1416852
945,Kendrick Nunn,SG,Miami Heat,1416852
946,Hamidou Diallo,SG,Oklahoma City Thunder,1416852
947,Isaiah Hartenstein, C,Houston Rockets,1416852
948,Yante Maten, F,Boston Celtics,1416852
949,Tarik Phillip, G,Washington Wizards,1416842
950,Bruno Fernando,PF,Atlanta Hawks,1400000
951,Kyle Collinsworth, G,Utah Jazz,1378242
952,Jaylen Morris, G,Milwaukee Bucks,1378242
953,David Stockton, G,Los Angeles Lakers,1378242
954,Aaron Jackson, F,Houston Rockets,1378242
955,Carmelo Anthony,PF,Portland Trail Blazers,1364204
956,Ben Moore, F,San Antonio Spurs,1349383
957,Kevin Porter Jr.,SG,Cleveland Cavaliers,1290960
958,Okaro White, F,Washington Wizards,1187862
959,Gary Payton II, F,Washington Wizards,1052909
960,Admiral Schofield, F,Washington Wizards,1000000
961,Ron Baker, G,Washington Wizards,948580
962,Jalen McDaniels,PF,Charlotte Hornets,898310
963,Elie Okobo, G,Phoenix Suns,1416852
964,Bruce Brown,SF,Detroit Pistons,1416852
965,Duncan Robinson,SG,Miami Heat,1416852
966,Khyri Thomas, F,Detroit Pistons,1416852
967,Jalen Brunson,PG,Dallas Mavericks,1416852
968,Dairis Bertans, G,New Orleans Pelicans,1416852
969,Isaac Bonga, G,Washington Wizards,1416842
970,Jaylen Nowell,SG,Minnesota Timberwolves,1400000
971,Dakari Johnson, C,Memphis Grizzlies,1378242
972,Brandon Paul, G,San Antonio Spurs,1378242
973,Rodney Purvis, G,Miami Heat,1378242
974,Zhou Qi, C,Houston Rockets,1378242
975,Ike Anigbogu, C,New Orleans Pelicans,1378242
976,Jabari Bird, G,Atlanta Hawks,1349464
977,James Nunnally, F,New Orleans Pelicans,1349383
978,Carsen Edwards,PG,Boston Celtics,1228026
979,Cody Martin,SF,Charlotte Hornets,1173310
980,Nick Young, G,Denver Nuggets,1042584
981,Terance Mann,SG,LA Clippers,1000000
982,David Nwaba,SF,Brooklyn Nets,903111
983,Dewan Hernandez, F,Toronto Raptors,898310
984,Miye Oni,SG,Utah Jazz,898310
985,Stanton Kidd,SF,Utah Jazz,898310
986,Terence Davis, G,Toronto Raptors,898310
987,Ignas Brazdeikis, F,New York Knicks,898310
988,Naz Reid, C,Minnesota Timberwolves,898310
989,Max Strus,SG,Chicago Bulls,898310
990,Jalen Lecque,PG,Phoenix Suns,898310
991,Eric Paschall,PF,Golden State Warriors,898310
992,Javonte Green, G,Boston Celtics,898310
993,Isaiah Briscoe, G,Orlando Magic,838464
994,Marquese Chriss,SF,Golden State Warriors,654469
995,Marvin Williams, F,Milwaukee Bucks,604278
996,Rayjon Tucker,SG,Utah Jazz,578573
997,Gary Clark,SF,Orlando Magic,555409
998,Reggie Jackson,PG,LA Clippers,512721
999,Anzejs Pasecniks, C,Washington Wizards,482144
1000,Jeff Green,PF,Houston Rockets,439475
1001,Dion Waiters, G,Los Angeles Lakers,375385
1002,Ky Bowman, G,Golden State Warriors,350189
1003,Caleb Martin,SF,Charlotte Hornets,898310
1004,Daniel Gafford, C,Chicago Bulls,898310
1005,Matt Thomas,SG,Toronto Raptors,898310
1006,Justin Robinson, G,Washington Wizards,898310
1007,Justin James,SG,Sacramento Kings,898310
1008,Nicolas Claxton,PF,Brooklyn Nets,898310
1009,KZ Okpala,SF,Miami Heat,898310
1010,Talen Horton-Tucker,SG,Los Angeles Lakers,898310
1011,Alen Smailagic,PF,Golden State Warriors,898310
1012,Vlatko Cancar,SF,Denver Nuggets,898310
1013,Damion Lee,SG,Golden State Warriors,842327
1014,Juwan Morgan,SF,Utah Jazz,746054
1015,Timothe Luwawu-Cabarrot,SG,Brooklyn Nets,654469
1016,Michael Kidd-Gilchrist, F,Dallas Mavericks,595122
1017,Chris Clemons, G,Houston Rockets,563347
1018,Brandon Goodwin,PG,Atlanta Hawks,522738
1019,DeMarre Carroll, F,Houston Rockets,512721
1020,Chris Silva,PF,Miami Heat,466918
1021,Troy Daniels, G,Denver Nuggets,384541
1022,Norvel Pelle,PF,Philadelphia 76ers,350189
1023,JR Smith, G,Los Angeles Lakers,289803
1024,Jimmer Fredette, G,Phoenix Suns,208509
1025,Anthony Tolliver, F,Memphis Grizzlies,183115
1026,Luguentz Dort,SF,Oklahoma City Thunder,155647
1027,Juan Toscano-Anderson,SF,Golden State Warriors,350189
1028,Tyler Zeller, C,San Antonio Spurs,245686
1029,Jontay Porter,PF,Memphis Grizzlies,197933
1030,Tyler Johnson,SG,Brooklyn Nets,183115
1031,Russell Westbrook,PG,Washington Wizards,41358814
1032,James Harden,SG,Brooklyn Nets,41254920
1033,Kevin Durant,PF,Brooklyn Nets,40108950
1034,Paul George,SG,LA Clippers,35450412
1035,Mike Conley,PG,Utah Jazz,34502130
1036,Jimmy Butler,SF,Miami Heat,34379100
1037,Tobias Harris,PF,Philadelphia 76ers,34358850
1038,Anthony Davis,PF,Los Angeles Lakers,32742000
1039,Damian Lillard,PG,Portland Trail Blazers,31626953
1040,Pascal Siakam,PF,Toronto Raptors,30559200
1041,Kyle Lowry,PG,Toronto Raptors,30500000
1042,Joel Embiid, C,Philadelphia 76ers,29542010
1043,Nikola Jokic, C,Denver Nuggets,29542010
1044,Karl-Anthony Towns, C,Minnesota Timberwolves,29467800
1045,CJ McCollum,SG,Portland Trail Blazers,29354152
1046,D'Angelo Russell,PG,Minnesota Timberwolves,28649250
1047,Otto Porter Jr.,SF,Orlando Magic,28489237
1048,Giannis Antetokounmpo,PF,Milwaukee Bucks,27528090
1049,Al Horford, C,Oklahoma City Thunder,27500000
1050,Brandon Ingram,SF,New Orleans Pelicans,27285000
1051,Stephen Curry,PG,Golden State Warriors,43006362
1052,Chris Paul,PG,Phoenix Suns,41358814
1053,John Wall,PG,Houston Rockets,41254920
1054,LeBron James,SF,Los Angeles Lakers,39219565
1055,Klay Thompson,SG,Golden State Warriors,35361360
1056,Kemba Walker,PG,Boston Celtics,34379100
1057,Kawhi Leonard,SF,LA Clippers,34379100
1058,Khris Middleton,SF,Milwaukee Bucks,33051724
1059,Kyrie Irving,PG,Brooklyn Nets,31742000
1060,Kevin Love,PF,Cleveland Cavaliers,31258256
1061,Ben Simmons,PG,Philadelphia 76ers,30559200
1062,Steven Adams, C,New Orleans Pelicans,29592696
1063,Andrew Wiggins,SF,Golden State Warriors,29542010
1064,Devin Booker,SG,Phoenix Suns,29467800
1065,Kristaps Porzingis, C,Dallas Mavericks,29467800
1066,Bradley Beal,SG,Washington Wizards,28751775
1067,Gordon Hayward,SF,Charlotte Hornets,28500000
1068,DeMar DeRozan,SF,San Antonio Spurs,27739975
1069,Rudy Gobert, C,Utah Jazz,27525281
1070,Jamal Murray,PG,Denver Nuggets,27285000
1071,Nikola Vucevic, C,Chicago Bulls,26000000
1072,Buddy Hield,SG,Sacramento Kings,24701834
1073,Jaylen Brown,SG,Boston Celtics,23735118
1074,Harrison Barnes,SF,Sacramento Kings,22215909
1075,Victor Oladipo,SG,Miami Heat,21000000
1076,Domantas Sabonis,PF,Indiana Pacers,19800000
1077,Zach LaVine,SG,Chicago Bulls,19500000
1078,Jerami Grant,SF,Detroit Pistons,19050000
1079,Terry Rozier,SG,Charlotte Hornets,18900000
1080,Allen Crabbe, G,Minnesota Timberwolves,18500000
1081,Goran Dragic,PG,Miami Heat,18000000
1082,Bogdan Bogdanovic,SG,Atlanta Hawks,18000000
1083,Gorgui Dieng, C,San Antonio Spurs,17287640
1084,Ricky Rubio,PG,Minnesota Timberwolves,17000000
1085,Eric Gordon,SG,Houston Rockets,16869276
1086,Caris LeVert,SG,Indiana Pacers,16203704
1087,James Johnson,PF,New Orleans Pelicans,16047100
1088,Clint Capela, C,Atlanta Hawks,16000000
1089,Danny Green,SF,Philadelphia 76ers,15365853
1090,Davis Bertans,SF,Washington Wizards,15000000
1091,Jrue Holiday,PG,Milwaukee Bucks,26231111
1092,Chandler Parsons,SF,Atlanta Hawks,25102511
1093,LaMarcus Aldridge, C,Brooklyn Nets,24000000
1094,Draymond Green,PF,Golden State Warriors,22246956
1095,Fred VanVleet,SG,Toronto Raptors,21250000
1096,Malcolm Brogdon,PG,Indiana Pacers,20700000
1097,Gary Harris,SG,Orlando Magic,19610714
1098,Danilo Gallinari,PF,Atlanta Hawks,19500000
1099,Tim Hardaway Jr.,SF,Dallas Mavericks,18975000
1100,Julius Randle,PF,New York Knicks,18900000
1101,Aaron Gordon,PF,Denver Nuggets,18136364
1102,Myles Turner, C,Indiana Pacers,18000000
1103,Bojan Bogdanovic,SF,Utah Jazz,17850000
1104,Evan Fournier,SG,Boston Celtics,17150000
1105,Eric Bledsoe,SG,New Orleans Pelicans,16875000
1106,Timofey Mozgov, C,Orlando Magic,16720000
1107,Joe Harris,SF,Brooklyn Nets,16071429
1108,Dennis Schroder,PG,Los Angeles Lakers,16000000
1109,Cody Zeller, C,Charlotte Hornets,15415730
1110,Jonas Valanciunas, C,Memphis Grizzlies,15000000
1111,Marcus Morris Sr.,SF,LA Clippers,14888721
1112,Rudy Gay,SF,San Antonio Spurs,14500000
1113,Dejounte Murray,PG,San Antonio Spurs,14286000
1114,Marcin Gortat, C,LA Clippers,13565218
1115,Patty Mills,PG,San Antonio Spurs,13535714
1116,Marcus Smart,PG,Boston Celtics,13446428
1117,Patrick Beverley,PG,LA Clippers,13333333
1118,JJ Redick,SG,Dallas Mavericks,13013700
1119,Jusuf Nurkic, C,Portland Trail Blazers,12888889
1120,Courtney Lee, G,Dallas Mavericks,12759670
1121,Cory Joseph,PG,Detroit Pistons,12600000
1122,Miles Plumlee, C,Memphis Grizzlies,12500000
1123,T.J. Warren,SF,Indiana Pacers,12500000
1124,Markelle Fultz,PG,Orlando Magic,12288697
1125,Tony Snell,SF,Atlanta Hawks,12178571
1126,Kentavious Caldwell-Pope,SG,Los Angeles Lakers,12073020
1127,Zach Randolph, F,Dallas Mavericks,11692308
1128,Spencer Dinwiddie,PG,Brooklyn Nets,11454048
1129,Omer Asik, C,Chicago Bulls,11286516
1130,Lonzo Ball,PG,New Orleans Pelicans,11003782
1131,Andre Iguodala,SF,Miami Heat,15000000
1132,Luke Babbitt, F,Miami Heat,14651700
1133,Kelly Oubre Jr.,SG,Golden State Warriors,14375000
1134,Will Barton,SF,Denver Nuggets,13723214
1135,Thaddeus Young,PF,Chicago Bulls,13545000
1136,Terrence Ross,SG,Orlando Magic,13500000
1137,Malik Beasley,SG,Minnesota Timberwolves,13425895
1138,Christian Wood, C,Houston Rockets,13015873
1139,Justise Winslow,PF,Memphis Grizzlies,13000000
1140,Trevor Ariza,SF,Miami Heat,12800000
1141,Brook Lopez, C,Milwaukee Bucks,12697674
1142,Kelly Olynyk,PF,Houston Rockets,12598243
1143,Nikola Mirotic, F,Milwaukee Bucks,12500000
1144,Tyreke Evans, G,Indiana Pacers,12400000
1145,Taurean Prince,PF,Cleveland Cavaliers,12250000
1146,Robert Covington,PF,Portland Trail Blazers,12138345
1147,Larry Nance Jr.,PF,Cleveland Cavaliers,11709091
1148,Jordan Clarkson,PG,Utah Jazz,11500000
1149,Dillon Brooks,SF,Memphis Grizzlies,11400000
1150,Dwight Powell, C,Dallas Mavericks,11080125
1151,Josh Richardson,SG,Dallas Mavericks,10865952
1152,Jeremy Lamb,SG,Indiana Pacers,10500000
1153,Zion Williamson,PF,New Orleans Pelicans,10245480
1154,Darren Collison, G,Indiana Pacers,10000000
1155,Jayson Tatum,SF,Boston Celtics,9897120
1156,Al-Farouq Aminu,PF,Chicago Bulls,9720900
1157,George Hill, G,Philadelphia 76ers,9590602
1158,Deandre Ayton, C,Phoenix Suns,9562920
1159,Meyers Leonard, C,Miami Heat,9400000
1160,Derrick Jones Jr.,SF,Portland Trail Blazers,9258000
1161,Montrezl Harrell, C,Los Angeles Lakers,9258000
1162,Tristan Thompson, C,Boston Celtics,9258000
1163,Ja Morant,PG,Memphis Grizzlies,9166800
1164,Marvin Bagley III,PF,Sacramento Kings,8963640
1165,Tyus Jones,PG,Memphis Grizzlies,8817143
1166,Royce O'Neale,PF,Utah Jazz,8500000
1167,C.J. Miles,SG,Washington Wizards,8333333
1168,RJ Barrett,SG,New York Knicks,8231760
1169,De'Aaron Fox,PG,Sacramento Kings,8099627
1170,Mason Plumlee, C,Detroit Pistons,8000000
1171,Norman Powell,SF,Portland Trail Blazers,10865952
1172,Joe Ingles,SG,Utah Jazz,10863637
1173,DeAndre Jordan, C,Brooklyn Nets,10375678
1174,Rodney Hood,SG,Toronto Raptors,10047450
1175,Tomas Satoransky,SG,Chicago Bulls,10000000
1176,Anthony Edwards,SF,Minnesota Timberwolves,9757440
1177,Dante Exum,PG,Cleveland Cavaliers,9600000
1178,De'Anthony Melton,SG,Memphis Grizzlies,9571712
1179,Kyle Anderson,SF,Memphis Grizzlies,9505100
1180,Derrick Favors, C,Utah Jazz,9258000
1181,Jae Crowder,PF,Phoenix Suns,9258000
1182,Serge Ibaka, C,LA Clippers,9258000
1183,Dario Saric,PF,Phoenix Suns,9250000
1184,Delon Wright, G,Sacramento Kings,9000000
1185,Cedi Osman,SF,Cleveland Cavaliers,8840580
1186,James Wiseman, C,Golden State Warriors,8730240
1187,Thomas Bryant, C,Washington Wizards,8333333
1188,Maxi Kleber,PF,Dallas Mavericks,8325000
1189,Jakob Poeltl, C,San Antonio Spurs,8101852
1190,Luka Doncic,PG,Dallas Mavericks,8049360
1191,P.J. Tucker,PF,Milwaukee Bucks,7969537
1192,Seth Curry,SG,Philadelphia 76ers,7834449
1193,Cristiano Felicio,PF,Chicago Bulls,7529020
1194,Darrell Arthur, F,Phoenix Suns,7464912
1195,Jonathan Isaac,PF,Orlando Magic,7362566
1196,Robin Lopez, C,Washington Wizards,7300000
1197,JaMychal Green,PF,Denver Nuggets,7199760
1198,Aron Baynes, C,Toronto Raptors,7000000
1199,Ivica Zubac, C,LA Clippers,7000000
1200,Lauri Markkanen,PF,Chicago Bulls,6731508
1201,D.J. Augustin,PG,Houston Rockets,6666667
1202,Juancho Hernangomez,PF,Minnesota Timberwolves,6493000
1203,Milos Teodosic, G,LA Clippers,6300000
1204,Wesley Johnson, F,Washington Wizards,6134520
1205,Ish Smith,PG,Washington Wizards,6000000
1206,Mo Bamba, C,Orlando Magic,5969040
1207,Justin Holiday,SF,Indiana Pacers,5720000
1208,Dennis Smith Jr.,PG,Detroit Pistons,5686677
1209,Coby White,PG,Chicago Bulls,5572680
1210,Alex Abrines, G,Oklahoma City Thunder,5455236
1211,Lou Williams,SG,Atlanta Hawks,8000000
1212,LaMelo Ball,PG,Charlotte Hornets,7839960
1213,Derrick Rose,PG,New York Knicks,7682927
1214,Rajon Rondo,PG,LA Clippers,7500000
1215,De'Andre Hunter,SF,Atlanta Hawks,7422000
1216,Doug McDermott,SF,Indiana Pacers,7333333
1217,Jaren Jackson Jr.,PF,Memphis Grizzlies,7257360
1218,Patrick Williams,PF,Chicago Bulls,7068360
1219,Darius Miller,SF,Oklahoma City Thunder,7000000
1220,Chris Boucher,PF,Toronto Raptors,6750000
1221,Darius Garland,PG,Cleveland Cavaliers,6720720
1222,Trae Young,PG,Atlanta Hawks,6571800
1223,Isaac Okoro,SF,Cleveland Cavaliers,6400920
1224,Frank Ntilikina,PG,New York Knicks,6176578
1225,Jarrett Culver,SF,Minnesota Timberwolves,6104280
1226,Alec Burks,SG,New York Knicks,6000000
1227,Onyeka Okongwu,PF,Atlanta Hawks,5813640
1228,Jonathon Simmons, G,Washington Wizards,5700000
1229,Avery Bradley,PG,Houston Rockets,5635000
1230,Trey Lyles,PF,San Antonio Spurs,5500000
1231,Wendell Carter Jr., C,Orlando Magic,5448840
1232,Malik Monk,SG,Charlotte Hornets,5345687
1233,Alexis Ajinca, C,LA Clippers,5285394
1234,Donovan Mitchell,SG,Utah Jazz,5195501
1235,Bam Adebayo, C,Miami Heat,5115492
1236,Justin Jackson,SF,Milwaukee Bucks,5029650
1237,Enes Kanter, C,Portland Trail Blazers,5005350
1238,Ed Davis, C,Minnesota Timberwolves,5005350
1239,Elfrid Payton,PG,New York Knicks,5000000
1240,Daniel Theis, C,Chicago Bulls,5000000
1241,Collin Sexton,PG,Cleveland Cavaliers,4991880
1242,Obi Toppin,PF,New York Knicks,4862040
1243,Garrett Temple,SF,Chicago Bulls,4767000
1244,Rui Hachimura,PF,Washington Wizards,4692840
1245,Kevin Knox II,SF,New York Knicks,4588680
1246,Deni Avdija,SF,Washington Wizards,4469160
1247,Cam Reddish,SF,Atlanta Hawks,4458000
1248,Jalen Smith,PF,Phoenix Suns,4245720
1249,JaVale McGee, C,Denver Nuggets,4200000
1250,Shai Gilgeous-Alexander,SG,Oklahoma City Thunder,4141320
1251,Jason Smith, F,New Orleans Pelicans,5450000
1252,Zach Collins,PF,Portland Trail Blazers,5406255
1253,Killian Hayes,PG,Detroit Pistons,5307120
1254,Luke Kennard,SG,LA Clippers,5273826
1255,Rodney McGruder,SG,Detroit Pistons,5192307
1256,Jaxson Hayes, C,New Orleans Pelicans,5105160
1257,Richaun Holmes, C,Sacramento Kings,5005350
1258,Mike Scott,PF,Philadelphia 76ers,5005350
1259,Nerlens Noel, C,New York Knicks,5000000
1260,Dirk Nowitzki, F,Dallas Mavericks,5000000
1261,Kyle Singler, F,Oklahoma City Thunder,4996000
1262,Pat Connaughton,SG,Milwaukee Bucks,4938272
1263,Josh Jackson,SG,Detroit Pistons,4767000
1264,Kris Dunn,PG,Atlanta Hawks,4767000
1265,Denzel Valentine,SG,Chicago Bulls,4642800
1266,D.J. Wilson,PF,Houston Rockets,4548280
1267,Kevon Looney, C,Golden State Warriors,4464226
1268,T.J. Leaf, F,Portland Trail Blazers,4326825
1269,Reggie Bullock,SF,New York Knicks,4200000
1270,Mikal Bridges,SF,Phoenix Suns,4161000
1271,Nicolo Melli,PF,Dallas Mavericks,4102564
1272,Devin Vassell,SG,San Antonio Spurs,4033440
1273,P.J. Washington,PF,Charlotte Hornets,4023600
1274,Dorian Finney-Smith,PF,Dallas Mavericks,4000000
1275,Miles Bridges,SF,Charlotte Hornets,3934320
1276,Jarrett Allen, C,Cleveland Cavaliers,3909902
1277,Tyrese Haliburton,PG,Sacramento Kings,3831840
1278,Jake Layman,SF,Minnesota Timberwolves,3761085
1279,Danuel House Jr.,SF,Houston Rockets,3717000
1280,Romeo Langford,SG,Boston Celtics,3631200
1281,Bobby Portis, C,Milwaukee Bucks,3623000
1282,Kyle Kuzma,SF,Los Angeles Lakers,3562178
1283,Michael Porter Jr.,SF,Denver Nuggets,3550800
1284,Derrick White,PG,San Antonio Spurs,3516284
1285,Luca Vildoza, G,New York Knicks,3500000
1286,T.J. McConnell,PG,Indiana Pacers,3500000
1287,Boban Marjanovic, C,Dallas Mavericks,3500000
1288,Aaron Nesmith,SF,Boston Celtics,3458400
1289,Michael Carter-Williams,PG,Orlando Magic,3300000
1290,Cole Anthony,PG,Orlando Magic,3285120
1291,John Collins,PF,Atlanta Hawks,4137302
1292,Willie Cauley-Stein, C,Dallas Mavericks,4100000
1293,Cameron Johnson,SF,Phoenix Suns,4033440
1294,Patrick McCaw,SF,Toronto Raptors,4000000
1295,Terrance Ferguson,SF,Philadelphia 76ers,3944013
1296,Jevon Carter,PG,Phoenix Suns,3925000
1297,OG Anunoby,SF,Toronto Raptors,3872215
1298,Stanley Johnson,SF,Toronto Raptors,3804150
1299,Jerome Robinson,SG,Washington Wizards,3737520
1300,Kira Lewis Jr.,PG,New Orleans Pelicans,3640200
1301,Maurice Harkless,SF,Sacramento Kings,3623000
1302,Wesley Matthews,SG,Los Angeles Lakers,3623000
1303,Allonzo Trier, G,New York Knicks,3551000
1304,Tony Bradley, C,Oklahoma City Thunder,3542060
1305,Bismack Biyombo, C,Charlotte Hornets,3500000
1306,Michael Beasley, F,Brooklyn Nets,3500000
1307,Austin Rivers, G,Denver Nuggets,3500000
1308,Josh Hart,SG,New Orleans Pelicans,3491159
1309,Sekou Doumbouya,SF,Detroit Pistons,3449400
1310,James Ennis III,SF,Orlando Magic,3300000
1311,Facundo Campazzo,PG,Denver Nuggets,3200000
1312,Isaiah Stewart, C,Detroit Pistons,3121080
1313,Patrick Patterson,PF,LA Clippers,3077704
1314,Khem Birch, C,Toronto Raptors,3000000
1315,Ryan Arcidiacono,PG,Chicago Bulls,3000000
1316,Goga Bitadze, C,Indiana Pacers,2957520
1317,Lonnie Walker IV,SG,San Antonio Spurs,2892000
1318,Kevin Huerter,SG,Atlanta Hawks,2761920
1319,Matisse Thybulle,SG,Philadelphia 76ers,2711280
1320,Josh Okogie,SF,Minnesota Timberwolves,2651040
1321,Vincent Poirier, C,Philadelphia 76ers,2619207
1322,Precious Achiuwa,PF,Miami Heat,2582160
1323,Marc Gasol, C,Los Angeles Lakers,2564753
1324,Grayson Allen,SG,Memphis Grizzlies,2545320
1325,Grant Williams,PF,Boston Celtics,2498760
1326,Emeka Okafor, C,Philadelphia 76ers,2445085
1327,Chandler Hutchison, F,Washington Wizards,2443440
1328,Aaron Holiday,PG,Indiana Pacers,2345640
1329,Bryn Forbes,SG,Milwaukee Bucks,2337145
1330,Zeke Nnaji,PF,Denver Nuggets,2284800
1331,Troy Brown Jr., F,Chicago Bulls,3219480
1332,Chuma Okeke,PF,Orlando Magic,3121080
1333,Nickeil Alexander-Walker,SG,New Orleans Pelicans,3113160
1334,Donte DiVincenzo,SG,Milwaukee Bucks,3044160
1335,Trey Burke,PG,Dallas Mavericks,3000000
1336,Aleksej Pokusevski,PF,Oklahoma City Thunder,2964840
1337,Luka Samanic,PF,San Antonio Spurs,2892000
1338,Josh Green,SG,Dallas Mavericks,2816760
1339,Alex Caruso,SG,Los Angeles Lakers,2750000
1340,Saddiq Bey,SF,Detroit Pistons,2689920
1341,Marko Guduric, G,Memphis Grizzlies,2625000
1342,Brandon Clarke,PF,Memphis Grizzlies,2602920
1343,Tyler Herro,PG,Miami Heat,2582160
1344,Nene Hilario, C,Atlanta Hawks,2564753
1345,Manu Ginobili, G,San Antonio Spurs,2500000
1346,Tyrese Maxey,PG,Philadelphia 76ers,2478840
1347,Kendrick Perkins, C,Cleveland Cavaliers,2445085
1348,Tyler Zeller, C,Atlanta Hawks,2436046
1349,Darius Bazley,PF,Oklahoma City Thunder,2339160
1350,Ty Jerome,SG,Oklahoma City Thunder,2303040
1351,Ben McLemore, G,Los Angeles Lakers,2283034
1352,Brad Wanamaker,PG,Charlotte Hornets,2250000
1353,Brandon Jennings, G,Milwaukee Bucks,2222803
1354,Payton Pritchard,PG,Boston Celtics,2193480
1355,Moritz Wagner, C,Orlando Magic,2161920
1356,Dylan Windler,SG,Cleveland Cavaliers,2137440
1357,John Konchar,SG,Memphis Grizzlies,2100000
1358,Jordan Poole,SG,Golden State Warriors,2063280
1359,Sean Kilpatrick, G,Chicago Bulls,2054856
1360,Robert Williams III, C,Boston Celtics,2029920
1361,Jacob Evans, G,New York Knicks,2017320
1362,Theo Maledon,PG,Oklahoma City Thunder,2000000
1363,Damyean Dotson,SG,Cleveland Cavaliers,2000000
1364,Cameron Payne,PG,Phoenix Suns,1977011
1365,Jaden McDaniels,PF,Minnesota Timberwolves,1964760
1366,Desmond Bane,SG,Memphis Grizzlies,1936440
1367,Jahlil Okafor, C,Detroit Pistons,1882867
1368,David Nwaba,SF,Houston Rockets,1824003
1369,Georges Niang,SF,Utah Jazz,1783557
1370,Furkan Korkmaz,SG,Philadelphia 76ers,1762796
1371,Mike Muscala, C,Oklahoma City Thunder,2283034
1372,Anfernee Simons,SG,Portland Trail Blazers,2252040
1373,Luke Kornet, C,Boston Celtics,2250000
1374,Nassir Little,SF,Portland Trail Blazers,2210640
1375,R.J. Hampton,PG,Orlando Magic,2193040
1376,Edmond Sumner,PG,Indiana Pacers,2160000
1377,Immanuel Quickley,SG,New York Knicks,2105520
1378,Landry Shamet,SG,Brooklyn Nets,2090040
1379,Bol Bol, C,Denver Nuggets,2058240
1380,Keldon Johnson,SF,San Antonio Spurs,2048040
1381,Bruno Caboclo, F,Houston Rockets,2028594
1382,Dzanan Musa, F,Detroit Pistons,2002800
1383,Gary Clark,SF,Philadelphia 76ers,2000000
1384,Omari Spellman, F,New York Knicks,1988280
1385,Udoka Azubuike, C,Utah Jazz,1977000
1386,Malachi Flynn,PG,Toronto Raptors,1950600
1387,Jontay Porter,PF,Memphis Grizzlies,1900000
1388,Marquese Chriss,SF,Golden State Warriors,1824003
1389,DeAndre Liggins, G,Miami Heat,1795015
1390,Rodions Kurucs,SF,Milwaukee Bucks,1780152
1391,Damion Lee,SG,Golden State Warriors,1762796
1392,Abdel Nader,SF,Phoenix Suns,1752950
1393,Mario Hezonja, F,Memphis Grizzlies,1737145
1394,Damian Jones, C,Sacramento Kings,1737145
1395,Shake Milton,SG,Philadelphia 76ers,1701593
1396,Brandon Goodwin,PG,Atlanta Hawks,1701593
1397,Dwayne Bacon,SG,Orlando Magic,1678854
1398,Wes Iwundu,SF,New Orleans Pelicans,1678854
1399,Isaac Bonga, G,Washington Wizards,1663861
1400,Keita Bates-Diop,SF,San Antonio Spurs,1663861
1401,Bruce Brown,SF,Brooklyn Nets,1663861
1402,Kendrick Nunn,SG,Miami Heat,1663861
1403,Jalen Brunson,PG,Dallas Mavericks,1663861
1404,Julyan Stone, G,Chicago Bulls,1656092
1405,Tim Frazier, G,Memphis Grizzlies,1620564
1406,Raul Neto,PG,Washington Wizards,1620564
1407,Drew Eubanks,PF,San Antonio Spurs,1620564
1408,Chimezie Metu,PF,Sacramento Kings,1620564
1409,Hassan Whiteside, C,Sacramento Kings,1620564
1410,Carmelo Anthony,PF,Portland Trail Blazers,1620564
1411,Alfonzo McKinnie,SF,Los Angeles Lakers,1762796
1412,PJ Dozier,SG,Denver Nuggets,1762796
1413,Semi Ojeleye,PF,Boston Celtics,1752950
1414,DeAndre' Bembry,SG,Toronto Raptors,1737145
1415,Kevin Porter Jr.,SG,Houston Rockets,1717981
1416,Thanasis Antetokounmpo,SF,Milwaukee Bucks,1701593
1417,Jonah Bolden,PF,Phoenix Suns,1698450
1418,Dragan Bender, F,Golden State Warriors,1678854
1419,Gary Trent Jr.,SG,Toronto Raptors,1663861
1420,Svi Mykhailiuk,SG,Oklahoma City Thunder,1663861
1421,Mitchell Robinson, C,New York Knicks,1663861
1422,Duncan Robinson,SG,Miami Heat,1663861
1423,Hamidou Diallo,SG,Detroit Pistons,1663861
1424,Jarred Vanderbilt,PF,Minnesota Timberwolves,1663361
1425,MarShon Brooks, G,Chicago Bulls,1656092
1426,Isaiah Taylor, G,Toronto Raptors,1620564
1427,Josh Gray, G,Oklahoma City Thunder,1620564
1428,Tyler Lydon, F,Sacramento Kings,1620564
1429,Glenn Robinson III, F,Sacramento Kings,1620564
1430,Harry Giles III,PF,Portland Trail Blazers,1620564
1431,Langston Galloway,SG,Phoenix Suns,1620564
1432,E'Twaun Moore,SG,Phoenix Suns,1620564
1433,Tyler Johnson,SG,Brooklyn Nets,1620564
1434,Wilson Chandler, F,Brooklyn Nets,1620564
1435,Udonis Haslem,PF,Miami Heat,1620564
1436,Jared Dudley,SF,Los Angeles Lakers,1620564
1437,DeMarcus Cousins, C,LA Clippers,1620564
1438,JaKarr Sampson,SF,Indiana Pacers,1620564
1439,Ryan Anderson,PF,Houston Rockets,1620564
1440,Kent Bazemore,SF,Golden State Warriors,1620564
1441,Joe Johnson, G,Detroit Pistons,1620564
1442,J.J. Barea, G,Dallas Mavericks,1620564
1443,Thon Maker, F,Cleveland Cavaliers,1620564
1444,Quinn Cook,PG,Cleveland Cavaliers,1620564
1445,Wenyen Gabriel,PF,New Orleans Pelicans,1620564
1446,Isaiah Thomas, G,New Orleans Pelicans,1620564
1447,Vince Carter, G,Atlanta Hawks,1620564
1448,Monte Morris,PG,Denver Nuggets,1588231
1449,Tyrone Wallace,SG,Atlanta Hawks,1588231
1450,Georgios Papagiannis, C,Portland Trail Blazers,1544951
1451,Frank Kaminsky,PF,Phoenix Suns,1620564
1452,Torrey Craig,SF,Phoenix Suns,1620564
1453,Dwight Howard, C,Philadelphia 76ers,1620564
1454,Jeff Green,PF,Brooklyn Nets,1620564
1455,Jeff Teague,PG,Milwaukee Bucks,1620564
1456,Markieff Morris,PF,Los Angeles Lakers,1620564
1457,Reggie Jackson,PG,LA Clippers,1620564
1458,Nicolas Batum,PF,LA Clippers,1620564
1459,Sterling Brown,SF,Houston Rockets,1620564
1460,Gerald Green, G,Houston Rockets,1620564
1461,Wayne Ellington,SG,Detroit Pistons,1620564
1462,Shaquille Harrison, G,Denver Nuggets,1620564
1463,Isaiah Hartenstein, C,Cleveland Cavaliers,1620564
1464,Jarell Martin, F,Cleveland Cavaliers,1620564
1465,Matthew Dellavedova,PG,Cleveland Cavaliers,1620564
1466,Willy Hernangomez, C,New Orleans Pelicans,1620564
1467,Solomon Hill,SF,Atlanta Hawks,1620564
1468,Dwight Buycks, G,Detroit Pistons,1600520
1469,Antonio Blakeney, G,Chicago Bulls,1588231
1470,Malachi Richardson, G,Philadelphia 76ers,1569360
1471,Wade Baldwin IV, G,Indiana Pacers,1544951
1472,Paul Zipser, F,Chicago Bulls,1544951
1473,Cody Martin,SF,Charlotte Hornets,1517981
1474,Dewan Hernandez, F,Toronto Raptors,1517981
1475,Anzejs Pasecniks, C,Washington Wizards,1517981
1476,Juwan Morgan,SF,Utah Jazz,1517981
1477,Matt Thomas,SG,Utah Jazz,1517981
1478,Isaiah Roby, C,Oklahoma City Thunder,1517981
1479,Chris Silva,PF,Sacramento Kings,1517981
1480,Justin James,SG,Sacramento Kings,1517981
1481,Nicolas Claxton,PF,Brooklyn Nets,1517981
1482,Jaylen Nowell,SG,Minnesota Timberwolves,1517981
1483,Talen Horton-Tucker,SG,Los Angeles Lakers,1517981
1484,Terance Mann,SG,LA Clippers,1517981
1485,Chris Clemons, G,Houston Rockets,1517981
1486,Alen Smailagic,PF,Golden State Warriors,1517981
1487,Eric Paschall,PF,Golden State Warriors,1517981
1488,Dean Wade,PF,Cleveland Cavaliers,1517981
1489,Carsen Edwards,PG,Boston Celtics,1517981
1490,Omri Casspi, F,Memphis Grizzlies,1512601
1491,Chinanu Onuaku, C,Portland Trail Blazers,1544951
1492,Isaiah Whitehead, G,Detroit Pistons,1544951
1493,Jalen McDaniels,PF,Charlotte Hornets,1517981
1494,Caleb Martin,SF,Charlotte Hornets,1517981
1495,Daniel Gafford, C,Washington Wizards,1517981
1496,Miye Oni,SG,Utah Jazz,1517981
1497,Nigel Williams-Goss, G,Utah Jazz,1517981
1498,Luguentz Dort,SF,Oklahoma City Thunder,1517981
1499,Admiral Schofield, F,Oklahoma City Thunder,1517981
1500,Terence Davis, G,Sacramento Kings,1517981
1501,Ignas Brazdeikis, F,Orlando Magic,1517981
1502,Naz Reid, C,Minnesota Timberwolves,1517981
1503,KZ Okpala,SF,Miami Heat,1517981
1504,Ky Bowman, G,LA Clippers,1517981
1505,Jalen Lecque,PG,Indiana Pacers,1517981
1506,Juan Toscano-Anderson,SF,Golden State Warriors,1517981
1507,Mychal Mulder,SG,Golden State Warriors,1517981
1508,Vlatko Cancar,SF,Denver Nuggets,1517981
1509,Javonte Green, G,Chicago Bulls,1517981
1510,Bruno Fernando,PF,Atlanta Hawks,1517981
1511,Isaiah Canaan, G,Milwaukee Bucks,1512601
1512,Robert Woodard II,SF,Sacramento Kings,1500000
1513,Zylan Cheatham, F,Oklahoma City Thunder,1445697
1514,Theo Pinson,SG,New York Knicks,1445697
1515,Kelan Martin,SG,Indiana Pacers,1445697
1516,Taj Gibson, C,New York Knicks,1442968
1517,Kenrich Williams,SF,Oklahoma City Thunder,1416852
1518,Jaylen Adams, G,Milwaukee Bucks,1416852
1519,Yante Maten, F,Boston Celtics,1416852
1520,Dakari Johnson, C,Memphis Grizzlies,1378242
1521,Brandon Paul, G,San Antonio Spurs,1378242
1522,Rodney Purvis, G,Miami Heat,1378242
1523,Zhou Qi, C,Houston Rockets,1378242
1524,Ike Anigbogu, C,New Orleans Pelicans,1378242
1525,Jabari Bird, G,Atlanta Hawks,1349464
1526,James Nunnally, F,New Orleans Pelicans,1349383
1527,Tyrell Terry,PG,Dallas Mavericks,1289846
1528,Okaro White, F,Washington Wizards,1187862
1529,Nick Young, G,Denver Nuggets,1042584
1530,Jahmi'us Ramsey,SG,Sacramento Kings,1000000
1531,Lorenzo Brown, G,Guangzhou Guangzhou Long-Lions,1512601
1532,Dwyane Wade, G,Miami Heat,1512601
1533,Paul Watson,SG,Toronto Raptors,1445697
1534,DaQuan Jeffries, G,Houston Rockets,1445697
1535,Oshae Brissett, F,Indiana Pacers,1445697
1536,Jae'Sean Tate,SF,Houston Rockets,1445697
1537,Jemerrio Jones, F,Milwaukee Bucks,1416852
1538,Elie Okobo, G,Brooklyn Nets,1416852
1539,Dairis Bertans, G,New Orleans Pelicans,1416852
1540,Tarik Phillip, G,Washington Wizards,1416842
1541,Kyle Collinsworth, G,Utah Jazz,1378242
1542,Jaylen Morris, G,Milwaukee Bucks,1378242
1543,David Stockton, G,Los Angeles Lakers,1378242
1544,Aaron Jackson, F,Houston Rockets,1378242
1545,Vernon Carey Jr., C,Charlotte Hornets,1350000
1546,Ben Moore, F,San Antonio Spurs,1349383
1547,Xavier Tillman, C,Memphis Grizzlies,1300000
1548,Alex Len, C,Washington Wizards,1265372
1549,Noah Vonleh, F,Brooklyn Nets,1087776
1550,Nick Richards, C,Charlotte Hornets,1000000
1551,Ron Baker, G,Washington Wizards,948580
1552,Elijah Hughes,SF,Utah Jazz,898310
1553,Tre Jones,PG,San Antonio Spurs,898310
1554,Isaiah Joe,SG,Philadelphia 76ers,898310
1555,Sam Merrill,SG,Milwaukee Bucks,898310
1556,Daniel Oturu, C,LA Clippers,898310
1557,Deividas Sirvydis,SG,Detroit Pistons,898310
1558,Andre Drummond, C,Los Angeles Lakers,794536
1559,Timothe Luwawu-Cabarrot,SG,Brooklyn Nets,654469
1560,Norvel Pelle,PF,New York Knicks,500000
1561,Jabari Parker,PF,Boston Celtics,430729
1562,Tyler Cook, F,Brooklyn Nets,396081
1563,Jimmer Fredette, G,Phoenix Suns,208509
1564,Mfiondu Kabengele, F,Cleveland Cavaliers,154433
1565,Paul Millsap,PF,Denver Nuggets,1000000
1566,Anthony Gill,PF,Washington Wizards,898310
1567,Stanton Kidd,SF,Utah Jazz,898310
1568,CJ Elleby,SG,Portland Trail Blazers,898310
1569,Jordan Nwora,SF,Milwaukee Bucks,898310
1570,Max Strus,SG,Miami Heat,898310
1571,Kenyon Martin Jr.,SF,Houston Rockets,898310
1572,Isaiah Briscoe, G,Orlando Magic,838464
1573,Blake Griffin,PF,Brooklyn Nets,776983
1574,Lamar Stevens,PF,Cleveland Cavaliers,652366
1575,Nemanja Bjelica, F,Miami Heat,432890
1576,Alize Johnson,PF,Brooklyn Nets,399591
1577,Dion Waiters, G,Los Angeles Lakers,375385
1578,Devonte' Graham,PG,Charlotte Hornets,163861
1579,Mike James,PG,Brooklyn Nets,39608
